Country,Gender Equality Index,WORK,Participation,Segregation and quality of work,MONEY,Financial resources,Economic situation,KNOWLEDGE,Attainment and participation,Segregation,TIME,Care activities,Social activities,POWER,Political,Economic,Social,HEALTH,Status,Behaviour,Access,Unnamed: 22,FTE employment rate (%) W,FTE employment rate (%) M,FTE employment rate (%) T,Duration of working life (years) W,Duration of working life (years) M,Duration of working life (years) T,"Employed people in education, human health and social work activities (%) W","Employed people in education, human health and social work activities (%) M","Employed people in education, human health and social work activities (%) T",Ability to take one hour or two off during working hours to take care of personal or family matters (%) W,Ability to take one hour or two off during working hours to take care of personal or family matters (%) M,Ability to take one hour or two off during working hours to take care of personal or family matters (%) T,"Career Prospects Index (points, 0-100) W","Career Prospects Index (points, 0-100) M","Career Prospects Index (points, 0-100) T",Mean monthly earnings (PPS) W,Mean monthly earnings (PPS) M,Mean monthly earnings (PPS) T,Mean equivalised net income (PPS) W,Mean equivalised net income (PPS) M,Mean equivalised net income (PPS) T,Not at-risk-of-poverty (%) W,Not at-risk-of-poverty (%) M,Not at-risk-of-poverty (%) T,Income distribution S20/S80 (%) W,Income distribution S20/S80 (%) M,Income distribution S20/S80 (%) T,Graduates of tertiary education (%) W,Graduates of tertiary education (%) M,Graduates of tertiary education (%) T,People participating in formal or non-formal education (%) W,People participating in formal or non-formal education (%) M,People participating in formal or non-formal education (%) T,"Tertiary students in education, health and welfare, humanities and arts (%) W","Tertiary students in education, health and welfare, humanities and arts (%) M","Tertiary students in education, health and welfare, humanities and arts (%) T","People caring for and educating their children or grandchildren, elderly or people with disabilities, every day (%) W","People caring for and educating their children or grandchildren, elderly or people with disabilities, every day (%) M","People caring for and educating their children or grandchildren, elderly or people with disabilities, every day (%) T","People doing cooking and/or household, every day (%) W","People doing cooking and/or household, every day (%) M","People doing cooking and/or household, every day (%) T","Workers doing sporting, cultural or leisure activities outside of their home, at least daily or several times a week (%) W","Workers doing sporting, cultural or leisure activities outside of their home, at least daily or several times a week (%) M","Workers doing sporting, cultural or leisure activities outside of their home, at least daily or several times a week (%) T","Workers involved in voluntary or charitable activities, at least once a month (%) W","Workers involved in voluntary or charitable activities, at least once a month (%) M","Workers involved in voluntary or charitable activities, at least once a month (%) T",Share of ministers (%) W,Share of ministers (%) M,Share of ministers (%) T,Share of members of parliament (%) W,Share of members of parliament (%) M,Share of members of parliament (%) T,Share of members of regional assemblies (%) W,Share of members of regional assemblies (%) M,Share of members of regional assemblies (%) T,"Share of members of boards in largest quoted companies, supervisory board or board of directors (%) W","Share of members of boards in largest quoted companies, supervisory board or board of directors (%) M","Share of members of boards in largest quoted companies, supervisory board or board of directors (%) T",Share of board members of central bank (%) W,Share of board members of central bank (%) M,Share of board members of central bank (%) T,Share of board members of research funding organisations (%) W,Share of board members of research funding organisations (%) M,Share of board members of research funding organisations (%) T,Share of board members of publically owned broadcasting organisations (%)  W,Share of board members of publically owned broadcasting organisations (%)  M,Share of board members of publically owned broadcasting organisations (%)  T,Share of members of highest decision making body of the national Olympic sport organisations (%)  W,Share of members of highest decision making body of the national Olympic sport organisations (%)  M,Share of members of highest decision making body of the national Olympic sport organisations (%)  T,"Self-perceived health, good or very good (%) W","Self-perceived health, good or very good (%) M","Self-perceived health, good or very good (%) T",Life expectancy at birth (years) W,Life expectancy at birth (years) M,Life expectancy at birth (years) T,Healthy life years at birth (years) W,Healthy life years at birth (years) M,Healthy life years at birth (years) T,People who don't smoke and are not involved in harmful drinking (%) W,People who don't smoke and are not involved in harmful drinking (%) M,People who don't smoke and are not involved in harmful drinking (%) T,People doing physical activities and/or consuming fruits and vegetables (%) W,People doing physical activities and/or consuming fruits and vegetables (%) M,People doing physical activities and/or consuming fruits and vegetables (%) T,Population without unmet needs for medical examination (%) W,Population without unmet needs for medical examination (%) M,Population without unmet needs for medical examination (%) T,Population without unmet needs for dental examination (%) W,Population without unmet needs for dental examination (%) M,Population without unmet needs for dental examination (%) T,Population (number) W,Population (number) M,Population (number) T,Population (%) W,Population (%) M,Population (%) T,Country Short,Country Long,Communist,USSR,Eurozone,Schengen Area,Religion,Region,Year
AT,59.5,73.7,77.0,70.6,82.5,71.9,94.6,58.9,58.9,58.9,60.2,59.5,60.9,29.5,59.4,10.7,40.5,91.4,91.1,84.6,99.1,,39.7,63.1,50.6,31.1,37.0,34.1,24.2,7.5,15.1,35.5,36.4,35.9,65.4,64.3,64.9,"1,872","2,573","2,296","19,263","20,161","19,695",87.0,89.2,88.0,25.7,26.1,25.8,11.1,17.1,14.0,18.2,18.2,18.2,47.2,23.9,36.4,45.3,22.2,34.2,86.2,30.5,59.6,24.6,25.3,24.9,15.5,29.1,23.0,31.5,68.5,100.0,31.6,68.4,100.0,30.7,69.3,100.0,6.3,93.7,100.0,4.3,95.7,100.0,30.2,69.8,100.0,20.0,80.0,100.0,13.6,86.4,100.0,69.8,73.8,71.7,82.2,76.6,79.4,60.1,58.2,59.2,65.3,53.3,59.4,51.5,54.7,53.1,98.0,97.9,98.0,97.3,97.4,97.4,"3,429,571","3,156,787","6,586,358",52.1%,47.9%,100.0%,AT,Austria,No,No,Yes,Yes,Catholic,Central,2005
BE,66.0,71.0,72.3,69.8,81.3,73.9,89.5,68.1,70.7,65.7,74.3,76.9,71.8,39.8,65.7,18.9,50.7,86.3,92.1,70.3,99.2,,34.7,55.4,44.4,28.1,34.6,31.4,35.6,10.4,21.4,29.5,33.2,31.5,66.5,66.2,66.4,"2,296","2,623","2,485","16,635","18,593","17,587",84.9,87.0,85.9,26.9,22.7,24.6,23.8,23.5,23.6,14.8,15.3,15.0,50.0,28.0,39.9,48.3,32.1,40.4,82.3,47.8,65.6,32.3,38.7,35.7,19.6,18.6,19.0,26.8,73.2,100.0,35.5,64.5,100.0,40.0,60.0,100.0,6.3,93.7,100.0,12.8,87.2,100.0,40.0,60.0,100.0,27.0,73.0,100.0,11.7,88.3,100.0,70.3,76.2,73.1,81.9,76.2,79.1,62.3,62.4,62.4,68.3,50.1,59.5,29.5,36.4,32.9,99.0,99.1,99.0,97.0,97.4,97.2,"4,275,415","4,003,552","8,278,967",51.6%,48.4%,100.0%,BE,Belgium,No,No,Yes,Yes,Catholic,Western,2005
BG,56.0,67.3,77.9,58.1,54.3,33.5,88.1,52.5,53.0,51.9,50.9,64.7,40.1,48.4,49.1,33.2,69.2,72.6,86.6,52.3,84.4,,39.6,49.4,44.3,27.7,31.3,29.6,20.7,5.0,12.3,20.3,31.3,25.8,62.3,65.6,63.9,410,470,441,"3,638","3,803","3,717",81.7,84.2,82.9,20.3,20.2,20.2,18.8,14.1,16.5,9.2,9.9,9.6,26.4,16.5,21.7,39.2,20.8,30.3,89.9,37.9,64.8,11.7,19.5,15.6,5.6,5.6,5.6,27.6,72.4,100.0,24.7,75.3,100.0,24.9,75.1,100.0,18.0,82.0,100.0,16.7,83.3,100.0,44.4,55.6,100.0,60.0,40.0,100.0,20.2,79.8,100.0,55.3,66.1,60.5,76.2,69.0,72.6,71.9,66.2,69.1,67.5,46.7,57.9,9.4,18.2,13.5,73.0,77.0,74.9,71.4,73.6,72.5,"3,282,615","3,044,971","6,327,586",51.9%,48.1%,100.0%,BG,Bulgaria,Yes,No,No,No,Orthodox,Southeastern,2005
CY,45.9,66.3,78.5,55.9,72.6,60.5,87.1,43.4,65.5,28.7,47.7,55.0,41.3,16.4,23.6,7.2,26.0,85.8,91.3,73.0,94.8,,46.5,70.4,57.9,30.1,40.9,35.7,18.4,5.0,10.8,17.5,18.5,18.0,50.8,53.0,51.9,"1,006","1,344","1,184","16,850","17,383","17,110",81.0,85.1,83.0,20.8,23.2,21.9,22.7,23.2,22.9,12.5,11.2,11.9,37.1,9.3,23.7,43.1,20.2,31.9,72.2,21.1,49.5,9.7,21.7,15.8,9.2,11.0,10.3,2.0,98.0,100.0,14.0,86.0,100.0,20.3,79.7,100.0,6.7,93.3,100.0,0.0,100.0,100.0,25.0,75.0,100.0,11.1,88.9,100.0,4.0,96.0,100.0,71.5,78.7,75.0,80.9,76.8,78.9,58.2,59.8,59.0,81.4,53.9,68.4,33.0,38.6,35.7,93.2,94.9,94.0,86.5,86.7,86.6,"286,201","266,904","553,105",51.7%,48.3%,100.0%,CY,Cyprus,No,No,Yes,No,Orthodox,Southeastern,2005
CZ,53.6,65.3,79.6,53.6,70.2,50.6,97.4,52.2,52.0,52.4,51.2,55.8,47.1,29.6,28.6,25.8,35.1,84.6,86.7,72.3,96.7,,44.4,64.1,53.8,30.4,36.8,33.7,23.6,5.1,13.1,11.0,10.6,10.8,65.4,60.9,63.1,"1,001","1,322","1,183","8,656","9,151","8,895",90.3,91.8,91.1,28.1,27.7,27.9,8.8,12.1,10.4,13.4,13.6,13.5,46.1,20.6,34.0,38.0,25.4,31.9,68.8,12.4,41.7,22.6,27.8,25.2,8.5,5.4,6.7,12.5,87.5,100.0,14.3,85.7,100.0,17.7,82.3,100.0,10.0,90.0,100.0,16.7,83.3,100.0,30.0,70.0,100.0,17.5,82.5,100.0,7.2,92.8,100.0,56.2,62.0,58.9,79.2,72.9,76.1,60.0,58.0,59.0,72.7,54.2,63.8,30.1,37.5,33.6,92.5,93.1,92.8,95.2,94.2,94.8,"4,299,258","3,995,629","8,294,887",51.8%,48.2%,100.0%,CZ,Czech Republic,Yes,No,No,Yes,Catholic,Central,2005
DE,60.0,68.1,75.6,61.4,83.3,73.7,94.1,55.3,56.7,53.9,66.6,69.5,63.8,34.0,67.4,11.9,49.1,86.6,87.5,80.9,91.9,,34.8,56.1,44.9,32.4,38.6,35.6,27.6,8.1,16.9,15.8,18.2,17.0,67.9,65.5,66.7,"2,299","2,988","2,688","17,230","18,264","17,722",86.9,88.6,87.7,26.2,25.3,25.7,14.7,24.2,19.3,13.8,15.5,14.6,52.8,22.8,37.7,37.2,22.1,30.0,83.5,39.2,62.4,21.8,25.2,23.5,17.5,16.6,17.0,41.7,58.3,100.0,31.0,69.0,100.0,32.3,67.7,100.0,11.7,88.3,100.0,0.0,100.0,100.0,36.6,63.4,100.0,23.7,76.3,100.0,16.1,83.9,100.0,57.7,62.6,60.1,82.0,76.7,79.4,54.8,54.5,54.7,63.3,46.6,55.1,50.8,53.1,51.9,82.4,83.8,83.1,87.2,86.5,86.9,"34,926,855","32,749,624","67,676,479",51.6%,48.4%,100.0%,DE,Germany,Split,No,Yes,Yes,Split Catholic and Protestant,Central,2005
DK,74.6,78.9,88.5,70.3,82.7,71.2,96.1,73.7,81.1,67.0,82.7,89.4,76.5,54.7,65.8,45.7,54.6,91.1,94.3,81.7,98.2,,49.7,64.0,56.4,37.1,40.8,39.0,40.8,11.7,25.2,31.8,50.1,41.4,72.9,70.4,71.7,"2,087","2,651","2,362","16,456","17,230","16,835",87.4,88.1,87.7,28.7,27.5,28.1,26.6,24.8,25.7,32.7,27.9,30.3,61.3,30.6,48.2,30.8,27.0,28.9,80.6,59.9,70.5,52.8,50.5,51.6,14.5,19.1,16.9,28.8,71.3,100.0,38.1,61.9,100.0,34.0,66.0,100.0,11.3,88.7,100.0,35.1,64.9,100.0,37.0,63.0,100.0,29.4,70.6,100.0,17.1,82.9,100.0,73.6,79.8,76.6,80.5,76.0,78.3,68.4,68.4,68.4,60.7,43.7,52.3,68.2,59.1,63.6,99.0,98.6,98.8,94.8,93.9,94.4,"2,147,248","2,059,915","4,207,162",51.0%,49.0%,100.0%,DK,Denmark,No,No,No,Yes,Protestant,Northern,2005
EE,52.2,71.0,87.2,57.9,58.4,41.4,82.2,49.5,66.7,36.8,74.6,83.2,66.9,22.5,36.0,22.9,13.8,81.0,80.7,70.1,93.7,,47.9,58.2,52.5,33.8,34.2,34.0,24.8,4.8,14.9,15.4,15.8,15.6,64.8,65.8,65.3,785,"1,143",931,"5,519","6,018","5,742",81.1,83.8,82.3,18.5,16.1,17.3,31.9,22.5,27.5,15.2,16.4,15.7,38.4,11.9,28.2,50.1,37.9,44.6,81.1,53.8,69.0,33.5,38.4,35.7,13.8,16.6,15.2,14.1,85.9,100.0,18.5,81.5,100.0,29.0,71.0,100.0,13.7,86.3,100.0,12.5,87.5,100.0,0.0,100.0,100.0,12.5,87.5,100.0,10.5,89.5,100.0,50.8,57.4,53.8,78.1,67.3,72.7,52.4,48.3,50.4,74.0,43.2,58.2,35.4,35.8,35.6,90.6,90.7,90.7,84.5,85.2,84.8,"595,187","491,873","1,087,060",54.8%,45.2%,100.0%,EE,Estonia,Yes,Yes,Yes,Yes,Protestant,Central,2005
EL,46.8,62.5,68.0,57.5,71.9,62.2,83.2,47.2,54.3,41.0,46.2,50.3,42.5,18.2,24.3,10.4,24.1,84.6,94.0,66.6,96.6,,34.4,61.0,47.3,25.8,37.0,31.6,19.7,7.4,12.2,14.4,16.1,15.4,52.2,51.0,51.6,"1,577","2,069","1,859","12,476","12,928","12,696",78.8,81.9,80.3,16.9,17.9,17.4,13.9,16.1,15.0,9.3,9.6,9.4,35.7,13.9,25.0,43.7,20.3,32.3,84.8,18.6,52.4,11.0,17.6,14.7,7.6,7.3,7.4,5.5,94.5,100.0,11.4,88.6,100.0,19.7,80.3,100.0,7.3,92.7,100.0,2.5,97.5,100.0,11.1,88.9,100.0,16.7,83.3,100.0,8.4,91.6,100.0,74.6,80.4,77.4,81.6,76.8,79.2,67.4,65.9,66.7,70.4,54.2,62.8,19.8,24.7,22.2,93.2,94.1,93.6,92.9,93.1,93.0,"4,560,640","4,378,136","8,938,776",51.0%,49.0%,100.0%,EL,Greece,No,No,Yes,Yes,Orthodox,Southeastern,2005
ES,62.2,68.1,70.9,65.4,73.6,63.5,85.4,59.3,68.8,51.1,58.0,60.9,55.2,45.9,79.4,20.6,59.2,88.1,90.8,78.6,95.8,,36.5,62.5,49.1,27.4,37.9,32.8,20.5,6.0,11.8,32.9,35.3,34.2,57.3,56.1,56.8,"1,600","2,008","1,842","13,120","13,754","13,431",79.4,82.5,80.9,18.4,18.6,18.5,21.9,22.7,22.3,16.7,15.1,15.9,39.7,18.7,30.0,45.5,26.9,36.4,80.5,24.6,53.0,39.3,45.5,42.6,3.8,3.3,3.5,48.4,51.6,100.0,31.5,68.5,100.0,42.3,57.7,100.0,4.0,96.0,100.0,16.7,83.3,100.0,44.4,55.6,100.0,33.3,66.7,100.0,13.1,86.9,100.0,63.5,70.3,66.8,83.7,77.0,80.4,63.4,63.3,63.4,75.9,61.6,68.9,36.1,46.0,40.9,94.3,92.9,93.6,91.0,90.4,90.7,"18,252,050","17,408,585","35,660,635",51.2%,48.8%,100.0%,ES,Spain,No,No,Yes,Yes,Catholic,Southern,2005
EU-28,62.0,70.0,77.5,63.3,73.9,60.9,89.7,60.8,67.0,55.2,66.7,69.9,63.6,38.9,43.8,25.0,53.6,85.9,88.5,75.4,95.1,,40.5,59.4,49.5,30.2,36.7,33.5,27.8,7.5,16.5,22.8,27.3,25.1,63.7,62.6,63.2,"1,501","2,467","2,222","12,645","13,297","12,959",83.7,85.6,84.6,22.1,21.5,21.8,18.0,17.8,17.9,17.5,16.5,17.0,43.5,21.3,33.5,43.3,28.5,36.2,80.1,34.2,58.0,27.5,31.9,29.8,13.3,12.9,13.1,21.1,78.9,100.0,21.2,78.8,100.0,26.4,73.6,100.0,10.4,89.6,100.0,15.5,84.5,100.0,39.9,60.1,100.0,30.5,69.5,100.0,13.6,86.4,100.0,60.3,66.4,63.2,80.4,73.9,77.2,61.4,59.9,60.6,72.4,52.2,62.8,36.1,40.1,38.0,90.6,91.9,91.2,89.8,89.9,89.8,"205,473,251","190,389,112","395,862,363",51.9%,48.1%,100.0%,EU-28,European Union,,,,,,,2005
FI,72.0,74.2,88.2,62.5,80.1,67.9,94.6,56.6,77.8,41.2,81.6,89.3,74.7,68.4,81.2,54.1,72.8,89.2,89.2,81.9,97.0,,48.1,57.7,52.6,35.3,36.6,35.9,37.4,8.2,22.3,26.7,50.7,38.5,66.7,65.4,66.1,"1,848","2,368","2,096","15,550","16,426","15,974",86.6,89.2,87.8,26.9,26.1,26.5,27.4,23.7,25.6,32.5,26.3,29.4,47.6,15.6,32.7,40.4,34.5,37.5,90.0,68.3,79.5,60.1,44.5,52.4,16.4,16.9,16.7,45.8,54.2,100.0,38.1,61.9,100.0,42.3,57.7,100.0,18.7,81.3,100.0,37.5,62.5,100.0,46.7,53.3,100.0,44.8,55.2,100.0,21.6,78.4,100.0,68.2,68.8,68.5,82.5,75.6,79.1,52.5,51.7,52.1,69.9,45.7,58.4,60.1,56.9,58.6,95.5,96.9,96.2,93.4,92.7,93.1,"2,133,522","1,997,726","4,131,248",51.6%,48.4%,100.0%,FI,Finland,No,No,Yes,Yes,Protestant,Northern,2005
FR,65.2,70.5,79.1,62.9,81.6,71.4,93.2,62.3,67.1,57.9,69.1,70.9,67.4,43.6,52.4,29.0,54.6,86.9,90.9,74.0,97.5,,40.9,56.5,48.0,30.6,35.1,32.9,30.8,9.4,19.3,17.9,22.1,20.0,66.7,63.8,65.3,"2,025","2,474","2,273","16,542","17,227","16,870",86.5,88.1,87.3,24.1,24.4,24.3,20.4,19.7,20.1,14.5,14.7,14.6,43.0,22.5,33.8,49.5,34.2,42.1,76.8,32.6,56.1,32.1,39.0,35.6,14.6,14.2,14.4,20.6,79.4,100.0,14.0,86.0,100.0,48.3,51.7,100.0,7.0,93.0,100.0,23.5,76.5,100.0,36.8,63.2,100.0,28.6,71.4,100.0,21.5,78.5,100.0,66.0,71.6,68.7,83.8,76.7,80.3,64.6,62.3,63.5,69.7,54.2,62.2,32.0,38.7,35.2,96.4,96.0,96.2,93.5,93.2,93.4,"25,450,087","23,116,054","48,566,141",52.4%,47.6%,100.0%,FR,France,No,No,Yes,Yes,Catholic,Western,2005
HR,50.3,67.5,74.5,61.1,68.6,56.2,83.8,43.6,52.5,36.3,48.3,53.0,44.0,27.4,45.3,20.0,22.8,81.4,84.7,68.3,93.1,,34.8,49.8,41.8,28.8,33.7,31.4,18.7,4.6,10.9,25.1,29.4,27.3,61.0,59.8,60.4,"1,364","1,460","1,416","8,554","8,893","8,716",78.2,80.1,79.1,18.2,17.4,17.8,11.4,13.1,12.2,10.0,10.2,10.1,30.6,11.1,21.6,48.4,27.3,38.3,79.3,15.7,49.1,12.5,19.1,15.9,8.9,7.8,8.3,26.7,73.3,100.0,21.5,78.5,100.0,24.7,75.3,100.0,14.0,86.0,100.0,7.1,92.9,100.0,28.6,71.4,100.0,0.0,100.0,100.0,7.3,92.7,100.0,48.3,47.8,48.1,78.8,71.8,75.3,60.4,57.4,58.9,72.5,57.2,65.3,21.1,28.0,24.4,83.7,86.2,84.7,91.3,90.5,91.0,"1,827,006","1,640,185","3,467,191",52.7%,47.3%,100.0%,HR,Croatia,Yes,No,No,No,Catholic,Central,2005
HU,49.5,65.4,74.8,57.2,66.5,47.3,93.4,56.9,59.0,55.0,61.1,75.6,49.3,16.3,20.3,10.0,21.4,82.4,80.1,76.8,91.0,,39.1,53.9,46.0,26.0,30.7,28.4,25.6,6.2,15.0,16.5,13.4,15.0,63.5,64.4,64.0,957,"1,132","1,045","6,392","6,513","6,448",88.1,87.4,87.8,25.5,24.3,25.0,14.4,13.5,14.0,13.0,13.0,13.0,35.0,19.3,28.5,44.4,29.8,37.6,87.8,47.7,69.0,16.6,12.5,14.6,13.5,11.5,12.4,11.9,88.1,100.0,9.2,90.8,100.0,12.0,88.0,100.0,10.3,89.7,100.0,0.0,100.0,100.0,0.0,100.0,100.0,25.0,75.0,100.0,9.4,90.6,100.0,42.1,49.2,45.3,77.2,68.7,73.0,54.3,52.2,53.3,75.7,59.4,68.1,32.7,37.7,35.1,83.6,82.4,83.0,85.3,83.4,84.4,"4,350,404","3,793,257","8,143,661",53.4%,46.6%,100.0%,HU,Hungary,Yes,No,No,Yes,Catholic,Central,2005
IE,61.9,71.1,75.1,67.4,79.5,73.6,85.8,60.8,67.1,55.1,74.2,69.9,78.6,32.1,29.9,15.3,72.3,90.4,95.3,79.0,98.1,,42.5,69.5,55.5,29.1,39.9,34.6,29.4,6.1,16.0,37.1,43.4,40.4,64.1,64.6,64.3,"2,324","3,056","2,683","17,360","18,435","17,890",79.6,82.3,80.9,20.5,19.3,19.8,24.7,22.2,23.5,14.9,13.7,14.3,43.5,21.3,33.5,49.8,31.3,40.7,73.0,32.9,53.3,40.4,48.4,44.6,21.1,22.1,21.7,14.0,86.0,100.0,13.4,86.6,100.0,17.3,82.7,100.0,5.7,94.3,100.0,9.1,90.9,100.0,50.0,50.0,100.0,43.5,56.5,100.0,16.2,83.8,100.0,81.9,83.6,82.7,81.6,77.2,79.4,64.0,62.9,63.5,65.8,46.5,56.3,48.4,47.2,47.8,96.9,98.1,97.5,95.7,96.4,96.0,"1,563,935","1,525,854","3,089,789",50.6%,49.4%,100.0%,IE,Ireland,No,No,Yes,No,Catholic,Western,2005
IT,49.2,60.8,63.8,58.0,76.2,68.0,85.4,54.1,51.8,56.6,60.1,65.7,55.0,16.1,23.5,3.7,47.8,85.8,89.4,74.2,95.3,,30.4,56.4,42.7,23.7,35.2,29.6,24.6,6.7,13.8,19.3,22.0,20.8,55.7,51.9,54.0,"1,789","2,178","2,013","15,522","16,669","16,073",79.9,83.7,81.7,18.4,18.4,18.3,9.1,9.2,9.2,11.4,11.1,11.2,44.4,22.0,34.7,46.3,32.9,39.9,77.8,24.2,52.1,23.6,28.2,26.1,10.5,8.9,9.6,13.2,86.8,100.0,11.8,88.2,100.0,11.7,88.3,100.0,3.0,97.0,100.0,0.0,100.0,100.0,70.0,30.0,100.0,33.3,66.7,100.0,8.2,91.8,100.0,54.3,62.3,58.1,83.6,78.0,80.8,67.8,66.6,67.2,79.9,65.6,73.1,24.5,30.4,27.3,92.5,93.7,93.1,89.0,89.6,89.3,"25,002,066","22,937,269","47,939,335",52.2%,47.8%,100.0%,IT,Italy,No,No,Yes,Yes,Catholic,Southern,2005
LT,55.8,71.9,84.1,61.5,57.0,40.7,80.1,55.1,66.8,45.5,53.5,78.4,36.4,37.3,35.1,33.0,44.7,77.6,76.9,64.8,93.8,,45.5,57.8,51.1,31.6,32.2,31.9,26.6,7.0,16.6,19.0,21.0,19.9,63.2,61.9,62.5,738,924,826,"4,719","5,019","4,856",80.3,81.8,81.0,15.8,14.0,15.0,21.6,18.0,20.0,17.3,17.0,17.2,37.5,15.4,28.7,40.0,29.4,35.2,85.0,47.5,68.1,13.5,17.9,15.5,5.5,3.4,4.4,16.0,84.0,100.0,21.9,78.1,100.0,22.4,77.6,100.0,12.7,87.3,100.0,25.0,75.0,100.0,32.1,67.9,100.0,33.3,66.7,100.0,10.4,89.6,100.0,37.7,48.2,42.4,77.3,65.3,71.3,54.6,51.4,53.0,81.5,45.0,65.0,27.6,33.6,30.3,89.0,91.4,90.1,87.9,88.9,88.3,"1,435,663","1,186,614","2,622,278",54.7%,45.3%,100.0%,LT,Lithuania,Yes,Yes,Yes,Yes,Catholic,Central,2005
LU,64.4,68.1,70.2,66.1,93.1,91.2,95.1,62.0,65.6,58.7,73.2,75.2,71.1,36.2,42.7,15.4,71.8,89.2,92.9,78.5,97.5,,35.9,62.3,48.6,26.3,34.4,30.4,28.4,9.1,17.1,22.7,30.0,26.5,72.5,70.1,71.3,"2,737","3,104","2,973","31,100","32,069","31,576",87.6,88.5,88.1,26.4,25.6,26.4,18.5,23.4,20.9,16.2,16.7,16.4,42.7,23.1,33.3,70.5,49.5,60.8,83.1,42.3,63.7,36.8,45.8,41.5,16.0,17.6,17.0,20.8,79.2,100.0,23.2,76.8,100.0,21.4,78.6,100.0,2.7,97.3,100.0,12.5,87.5,100.0,55.6,44.4,100.0,55.6,44.4,100.0,16.8,83.2,100.0,71.9,75.4,73.7,82.3,76.7,79.5,62.4,62.3,62.4,65.1,45.6,55.3,48.0,51.5,49.7,96.2,94.7,95.5,96.9,95.6,96.2,"183,787","175,957","359,745",51.1%,48.9%,100.0%,LU,Luxembourg,No,No,Yes,Yes,Catholic,Central,2005
LV,53.4,71.7,83.6,61.4,56.3,40.2,78.7,46.6,60.2,36.1,59.1,77.5,45.1,34.8,36.8,38.8,29.5,73.8,74.6,65.5,82.3,,45.5,59.5,51.8,32.1,34.0,33.1,23.5,4.7,13.9,24.9,26.0,25.4,60.7,62.7,61.8,708,844,768,"4,677","5,101","4,866",79.6,82.3,80.8,16.1,13.6,14.9,19.2,13.5,16.6,20.1,17.3,18.8,33.1,10.8,24.9,50.2,32.7,42.3,79.7,48.6,66.0,17.4,22.6,19.9,11.8,6.9,9.3,24.2,75.8,100.0,19.7,80.3,100.0,20.7,79.3,100.0,16.7,83.3,100.0,28.6,71.4,100.0,36.4,63.6,100.0,0.0,100.0,100.0,14.1,85.9,100.0,30.5,40.6,35.0,76.5,65.4,71.0,53.2,50.8,52.0,76.4,43.5,61.9,28.7,34.0,31.1,67.4,74.8,70.7,70.9,71.2,71.0,"1,000,661","805,287","1,805,949",55.4%,44.6%,100.0%,LV,Latvia,Yes,Yes,Yes,Yes,Split Catholic and Protestant,Central,2005
MT,56.0,60.8,51.4,71.8,70.3,53.0,93.3,62.4,50.6,77.0,60.8,56.5,65.4,27.8,31.5,27.9,24.3,90.7,93.6,81.7,97.6,,25.4,63.8,44.3,18.1,38.2,28.3,29.0,9.3,15.3,36.5,37.8,37.3,67.0,69.0,67.8,667,775,735,"13,348","13,873","13,607",85.6,87.4,86.5,24.7,25.4,25.0,8.8,10.6,9.7,11.8,12.9,12.4,50.9,34.4,43.7,44.2,22.9,32.9,66.7,18.7,41.2,25.4,26.2,25.9,15.0,16.6,16.1,16.3,83.7,100.0,9.3,90.7,100.0,22.1,77.9,100.0,3.0,97.0,100.0,25.0,75.0,100.0,15.4,84.6,100.0,12.5,87.5,100.0,8.6,91.4,100.0,69.0,73.8,71.4,81.4,77.2,79.3,70.4,68.6,69.5,70.0,56.3,63.2,42.7,45.1,43.9,95.4,96.5,95.9,95.0,95.8,95.4,"160,032","154,183","314,215",50.9%,49.1%,100.0%,MT,Malta,No,No,Yes,Yes,Catholic,Southern,2005
NL,67.8,74.8,75.1,74.5,82.2,72.6,93.1,63.9,73.4,55.7,86.4,78.4,95.2,40.3,69.4,14.4,65.7,89.7,93.1,79.3,97.7,,34.5,62.2,47.4,34.0,40.8,37.5,36.8,10.1,22.0,48.5,56.3,52.6,62.4,61.0,61.7,"2,098","2,797","2,472","17,998","18,807","18,396",90.5,90.6,90.6,26.8,23.9,25.3,21.7,27.1,24.3,21.7,22.3,22.0,52.8,23.6,38.5,42.7,28.6,35.8,77.0,47.3,62.4,56.0,58.3,57.2,31.2,30.6,30.9,35.7,64.3,100.0,35.7,64.3,100.0,35.0,65.0,100.0,6.7,93.3,100.0,7.4,92.6,100.0,33.3,66.7,100.0,41.7,58.3,100.0,25.6,74.4,100.0,73.3,79.4,76.2,81.7,77.2,79.5,63.5,65.4,64.5,72.2,58.4,65.4,37.0,41.0,38.9,98.3,98.7,98.5,93.2,92.2,92.7,"6,480,754","6,224,164","12,704,918",51.0%,49.0%,100.0%,NL,Netherlands,No,No,Yes,Yes,Split Catholic and Protestant,Western,2005
PL,52.4,65.2,75.1,56.7,61.4,46.2,81.4,56.7,63.0,50.9,54.6,63.0,47.2,26.3,32.1,19.9,28.5,80.6,84.9,67.9,90.9,,36.7,51.7,43.8,28.1,33.0,30.6,24.0,5.2,13.6,16.1,18.8,17.4,59.2,60.1,59.7,962,"1,190","1,082","5,827","5,882","5,853",82.1,80.4,81.3,16.3,14.9,15.7,14.0,12.1,13.1,20.6,19.6,20.1,31.3,16.8,25.1,46.2,33.8,40.3,79.6,20.4,51.6,16.9,21.3,19.0,6.4,6.6,6.5,10.2,89.8,100.0,20.8,79.2,100.0,20.0,80.0,100.0,9.7,90.3,100.0,11.1,88.9,100.0,21.0,79.0,100.0,21.4,78.6,100.0,2.6,97.4,100.0,50.9,58.1,54.3,79.3,70.8,75.1,66.9,61.2,64.1,74.5,51.9,64.1,23.4,26.2,24.7,82.5,85.2,83.8,83.1,83.7,83.4,"15,752,629","14,320,979","30,073,608",52.4%,47.6%,100.0%,PL,Poland,Yes,No,No,Yes,Catholic,Central,2005
PT,49.9,70.6,84.4,59.0,68.8,58.0,81.5,48.6,48.5,48.7,47.3,67.4,33.2,22.2,36.1,6.1,49.9,83.8,82.3,75.5,94.9,,47.0,63.5,54.8,34.0,38.9,36.5,21.5,4.9,12.6,23.4,28.3,25.7,57.0,55.6,56.3,"1,283","1,447","1,368","10,745","10,970","10,853",80.6,82.0,81.3,14.5,14.7,14.6,10.8,7.9,9.4,11.2,11.1,11.1,42.6,18.0,31.7,42.0,32.7,37.6,87.2,26.6,58.5,10.3,19.6,14.7,4.5,8.2,6.5,13.6,86.4,100.0,23.0,77.0,100.0,21.3,78.7,100.0,5.7,94.3,100.0,0.0,100.0,100.0,33.3,66.7,100.0,33.3,66.7,100.0,13.2,86.8,100.0,40.8,51.3,45.8,81.3,74.9,78.1,57.1,58.6,57.9,84.5,62.6,74.3,29.7,35.0,32.2,93.4,95.9,94.6,87.7,89.3,88.5,"4,454,926","4,013,140","8,468,066",52.6%,47.4%,100.0%,PT,Portugal,No,No,Yes,Yes,Catholic,Southern,2005
RO,49.9,68.6,79.3,59.3,53.2,36.1,78.4,47.9,49.2,46.6,48.9,84.8,28.2,30.7,25.3,25.8,44.4,69.5,88.0,42.5,89.7,,42.7,55.8,49.0,28.7,33.4,31.1,13.9,3.8,8.4,18.2,20.2,19.2,67.1,66.0,66.6,559,608,585,"3,411","3,503","3,455",76.7,78.4,77.5,12.9,13.2,13.1,7.7,8.9,8.3,11.4,11.7,11.5,23.6,13.6,19.1,51.6,39.5,45.7,88.5,62.2,75.8,6.3,8.4,7.4,4.3,14.6,9.9,14.2,85.8,100.0,10.6,89.4,100.0,14.7,85.3,100.0,14.3,85.7,100.0,12.5,87.5,100.0,73.3,26.7,100.0,29.2,70.8,100.0,10.6,89.4,100.0,64.5,73.5,68.9,75.7,68.7,72.2,62.5,60.5,61.5,73.4,36.2,55.4,7.4,16.3,11.7,82.3,86.7,84.4,80.6,82.6,81.6,"8,682,875","8,020,115","16,702,990",52.0%,48.0%,100.0%,RO,Romania,Yes,No,No,No,Orthodox,Southeastern,2005
SE,78.8,78.7,88.7,69.9,84.1,72.2,98.0,68.1,70.6,65.8,89.6,88.1,91.1,74.1,89.9,52.1,86.9,91.7,93.4,89.3,92.3,,47.8,59.3,52.9,37.6,40.1,38.9,45.9,10.6,27.4,34.9,47.1,41.3,68.1,66.7,67.4,"2,224","2,607","2,410","15,565","16,323","15,933",89.9,90.9,90.4,28.6,29.3,28.8,28.5,20.9,24.7,31.0,23.3,27.1,55.9,28.7,44.9,33.3,28.0,30.7,86.4,63.1,75.0,51.0,55.0,53.1,29.1,30.9,30.0,43.3,56.7,100.0,46.8,53.2,100.0,47.3,52.7,100.0,23.0,77.0,100.0,30.0,70.0,100.0,59.8,40.2,100.0,48.4,51.6,100.0,42.5,57.5,100.0,72.8,78.5,75.6,82.9,78.5,80.7,63.2,64.5,63.9,76.3,61.3,68.8,58.0,55.8,56.9,83.6,86.3,85.0,87.5,87.2,87.4,"3,601,374","3,471,955","7,073,329",50.9%,49.1%,100.0%,SE,Sweden,No,No,No,Yes,Protestant,Northern,2005
SI,60.8,71.2,83.5,60.7,77.7,62.9,95.9,52.1,67.9,39.9,73.4,67.7,79.5,36.5,28.2,33.7,51.4,86.3,85.0,75.9,99.9,,46.8,60.4,53.4,31.5,35.3,33.5,22.5,4.9,13.0,25.1,31.8,28.5,61.5,60.4,61.0,"1,534","1,684","1,614","12,387","12,906","12,638",86.1,89.6,87.8,28.2,29.5,28.7,16.3,14.8,15.6,22.7,21.5,22.1,32.2,12.5,23.9,47.7,35.8,41.9,88.2,28.6,59.4,41.4,42.7,42.0,20.0,20.7,20.4,9.4,90.6,100.0,12.1,87.9,100.0,22.0,78.0,100.0,19.0,81.0,100.0,15.8,84.2,100.0,42.9,57.1,100.0,30.8,69.2,100.0,6.0,94.0,100.0,50.9,56.5,53.6,80.9,73.9,77.4,60.1,56.4,58.3,72.2,54.0,63.3,37.0,45.6,41.3,99.4,99.5,99.5,99.4,99.2,99.3,"845,158","792,854","1,638,012",51.6%,48.4%,100.0%,SI,Slovenia,Yes,No,Yes,Yes,Catholic,Central,2005
SK,52.5,65.3,78.2,54.6,61.5,40.1,94.5,54.5,55.7,53.3,55.3,79.1,38.7,26.9,28.2,28.6,24.2,83.5,83.2,73.1,95.9,,41.8,57.7,49.4,29.2,35.3,32.3,25.2,5.3,14.1,11.0,15.1,13.0,66.8,65.7,66.2,776,"1,056",921,"4,339","4,587","4,455",87.3,88.2,87.7,26.7,25.6,26.1,9.8,11.6,10.7,14.9,15.4,15.1,48.2,21.2,36.1,48.3,37.8,43.3,84.7,45.7,66.1,10.6,19.9,15.2,9.6,7.0,8.1,11.7,88.3,100.0,17.6,82.4,100.0,15.0,85.0,100.0,10.0,90.0,100.0,20.0,80.0,100.0,16.7,83.3,100.0,11.1,88.9,100.0,10.1,89.9,100.0,48.5,56.0,52.0,78.1,70.2,74.2,56.6,55.2,55.9,75.6,53.2,64.8,33.0,39.7,36.2,91.5,92.6,92.1,92.2,92.6,92.4,"2,195,520","2,013,593","4,209,113",52.2%,47.8%,100.0%,SK,Slovakia,Yes,No,Yes,Yes,Catholic,Central,2005
UK,71.2,74.2,80.4,68.4,79.7,77.1,82.5,75.8,85.7,67.0,69.4,72.7,66.3,51.4,48.5,40.0,70.1,93.1,93.9,88.5,97.0,,41.6,62.5,51.3,34.1,40.5,37.4,35.0,9.4,21.2,29.7,36.5,33.4,67.1,69.2,68.1,"2,503","3,456","2,979","20,190","21,817","20,974",81.2,82.9,82.0,17.9,16.0,16.9,26.5,26.7,26.6,:,:,:,54.9,29.4,44.0,38.4,22.9,30.7,72.8,39.2,56.0,33.4,35.8,34.7,15.4,12.7,14.0,26.5,73.5,100.0,18.5,81.5,100.0,31.0,69.0,100.0,12.7,87.3,100.0,28.9,71.1,100.0,39.4,60.6,100.0,54.5,45.5,100.0,20.9,79.1,100.0,73.7,76.1,74.8,81.3,77.1,79.2,65.5,64.2,64.9,73.6,58.5,66.6,55.0,55.4,55.2,94.2,94.8,94.5,93.9,93.5,93.7,"24,297,811","22,643,948","46,941,759",51.8%,48.2%,100.0%,UK,United Kingdom,No,No,No,No,Protestant,Western,2005
AT,58.7,75.3,80.3,70.6,82.8,74.7,91.8,58.9,61.2,56.6,56.0,44.9,69.8,28.4,60.3,9.3,40.7,91.1,91.0,84.6,98.1,,41.5,62.3,51.2,33.4,38.5,36.0,25.8,7.6,16.1,35.5,36.4,35.9,65.4,64.3,64.9,"1,926","2,574","2,310","21,738","23,107","22,400",85.0,87.7,86.3,23.2,23.1,23.1,12.8,18.0,15.3,19.3,18.4,18.9,43.1,22.0,33.2,32.3,14.5,23.8,72.2,11.1,43.1,24.6,25.3,24.9,23.1,32.4,28.1,35.6,64.4,100.0,28.3,71.7,100.0,30.7,69.3,100.0,9.0,91.0,100.0,0.0,100.0,100.0,30.2,69.8,100.0,20.0,80.0,100.0,13.6,86.4,100.0,67.2,72.0,69.5,83.5,77.8,80.7,60.8,59.4,60.1,65.3,53.3,59.4,51.5,54.7,53.1,97.7,97.3,97.5,94.7,94.5,94.6,"3,534,540","3,276,797","6,811,336",51.9%,48.1%,100.0%,AT,Austria,No,No,Yes,Yes,Catholic,Central,2010
BE,69.3,72.7,75.7,69.8,85.5,77.9,94.0,70.6,73.3,68.1,70.3,72.6,68.1,47.9,65.8,32.8,50.9,86.5,92.6,70.3,99.3,,36.5,54.2,44.8,29.9,35.0,32.5,37.6,10.5,22.8,29.5,33.2,31.5,66.5,66.2,66.4,"2,460","2,835","2,671","18,790","19,734","19,250",85.7,87.0,86.3,25.9,25.3,25.6,27.9,26.8,27.3,14.9,15.1,15.0,53.2,29.9,42.7,46.7,33.6,40.4,81.9,35.8,59.6,32.3,38.7,35.7,16.0,15.0,15.4,23.1,76.9,100.0,39.1,60.9,100.0,40.0,60.0,100.0,9.7,90.3,100.0,24.1,75.9,100.0,40.0,60.0,100.0,27.0,73.0,100.0,11.7,88.3,100.0,70.8,75.4,73.0,83.0,77.5,80.3,62.6,64.0,63.3,68.3,50.1,59.5,29.5,36.4,32.9,99.4,99.3,99.3,97.5,97.3,97.4,"4,451,174","4,192,013","8,643,187",51.5%,48.5%,100.0%,BE,Belgium,No,No,Yes,Yes,Catholic,Western,2010
BG,55.0,67.9,81.3,56.7,60.8,44.7,82.8,50.4,53.9,47.1,43.9,48.6,39.7,45.8,50.3,27.6,69.3,75.3,88.1,52.3,92.6,,42.0,50.9,46.2,30.0,33.0,31.6,19.1,4.0,11.1,20.3,31.3,25.8,62.3,65.6,63.9,717,827,773,"6,791","7,027","6,904",78.5,82.3,80.3,17.1,18.6,17.8,21.5,15.2,18.5,9.2,9.4,9.3,24.9,14.1,20.1,36.1,18.2,27.5,66.6,11.4,40.7,11.7,19.5,15.6,6.0,5.6,5.8,32.1,67.9,100.0,21.9,78.1,100.0,24.9,75.1,100.0,14.3,85.7,100.0,14.3,85.7,100.0,44.4,55.6,100.0,60.0,40.0,100.0,20.2,79.8,100.0,62.3,72.4,67.2,77.4,70.3,73.9,67.1,63.0,65.1,67.5,46.7,57.9,9.4,18.2,13.5,85.3,85.8,85.5,85.5,85.5,85.5,"3,221,030","2,993,039","6,214,069",51.8%,48.2%,100.0%,BG,Bulgaria,Yes,No,No,No,Orthodox,Southeastern,2010
CY,49.0,70.5,85.2,58.3,80.7,74.8,87.1,55.5,73.6,41.9,45.9,52.6,40.0,15.4,30.1,4.7,25.9,86.4,93.7,73.0,94.4,,50.8,65.3,57.6,33.1,40.7,36.9,17.6,6.2,11.5,17.5,18.5,18.0,50.8,53.0,51.9,"1,976","2,503","2,255","20,930","21,851","21,374",81.6,86.1,83.8,20.4,22.0,21.1,29.9,27.4,28.7,15.7,15.2,15.5,37.6,15.0,25.4,45.6,24.7,35.6,82.1,16.8,50.7,9.7,21.7,15.8,8.4,10.5,9.6,13.7,86.3,100.0,13.1,86.9,100.0,20.3,79.7,100.0,4.0,96.0,100.0,0.0,100.0,100.0,25.0,75.0,100.0,11.1,88.9,100.0,4.0,96.0,100.0,72.2,76.9,74.4,83.9,79.2,81.6,64.2,65.1,64.7,81.4,53.9,68.4,33.0,38.6,35.7,92.6,93.8,93.1,87.3,85.9,86.6,"332,582","307,974","640,556",51.9%,48.1%,100.0%,CY,Cyprus,No,No,Yes,No,Orthodox,Southeastern,2010
CZ,55.6,64.9,78.9,53.3,73.8,55.1,98.7,55.4,61.4,50.0,53.8,55.8,51.9,31.0,30.7,27.4,35.6,85.7,89.1,72.3,97.9,,43.4,63.2,53.0,30.4,37.3,33.9,23.8,5.0,13.0,11.0,10.6,10.8,65.4,60.9,63.1,"1,124","1,438","1,296","10,737","11,357","11,037",90.6,93.1,91.8,29.4,29.8,29.5,12.7,14.8,13.7,17.9,17.2,17.6,41.8,18.4,31.7,38.0,25.4,31.9,68.8,12.4,41.7,22.6,27.8,25.2,7.9,7.1,7.4,10.2,89.8,100.0,19.3,80.7,100.0,17.7,82.3,100.0,13.7,86.3,100.0,14.3,85.7,100.0,30.0,70.0,100.0,17.5,82.5,100.0,7.2,92.8,100.0,60.0,64.9,62.2,80.9,74.5,77.7,64.5,62.2,63.4,72.7,54.2,63.8,30.1,37.5,33.6,96.7,96.3,96.5,95.8,94.8,95.4,"4,425,910","4,185,304","8,611,214",51.4%,48.6%,100.0%,CZ,Czech Republic,Yes,No,No,Yes,Catholic,Central,2010
DE,62.6,70.0,79.0,62.1,83.2,77.1,89.8,56.3,59.9,53.0,69.8,70.1,69.6,38.3,60.2,19.0,49.2,89.3,90.4,80.9,97.5,,38.0,58.1,47.6,34.1,39.4,36.8,29.3,8.8,18.3,15.8,18.2,17.0,67.9,65.5,66.7,"2,379","3,062","2,759","19,857","20,995","20,405",83.6,85.7,84.6,22.3,21.6,21.9,17.3,26.0,21.5,13.5,14.5,14.0,54.1,22.4,38.7,37.2,26.7,32.1,85.2,33.0,60.0,21.8,25.2,23.5,22.6,23.4,23.0,29.7,70.3,100.0,31.5,68.5,100.0,32.3,67.7,100.0,13.7,86.3,100.0,5.6,94.4,100.0,36.6,63.4,100.0,23.7,76.3,100.0,16.1,83.9,100.0,64.2,66.4,65.2,83.0,78.0,80.5,58.7,57.9,58.3,63.3,46.6,55.1,50.8,53.1,51.9,93.5,93.9,93.7,95.9,95.9,95.9,"34,975,446","32,892,190","67,867,636",51.5%,48.5%,100.0%,DE,Germany,Split,No,Yes,Yes,Split Catholic and Protestant,Central,2010
DK,75.2,79.8,88.5,71.9,83.6,78.3,89.3,73.2,81.7,65.6,80.4,75.8,85.3,58.0,75.1,47.5,54.8,90.3,92.2,81.7,97.8,,47.3,58.4,52.4,37.8,41.0,39.4,43.2,13.5,27.7,31.8,50.1,41.4,72.9,70.4,71.7,"2,657","3,307","2,967","18,685","19,324","18,998",86.0,86.2,86.1,23.5,21.0,22.3,27.0,24.0,25.5,45.0,33.0,39.0,57.6,29.1,45.6,28.2,18.4,23.4,80.2,45.2,63.0,52.8,50.5,51.6,22.0,23.7,22.9,43.0,57.0,100.0,37.7,62.3,100.0,34.0,66.0,100.0,17.3,82.7,100.0,31.0,69.0,100.0,37.0,63.0,100.0,29.4,70.6,100.0,17.1,82.9,100.0,69.3,72.8,71.0,81.4,77.2,79.3,61.4,62.3,61.9,60.7,43.7,52.3,68.2,59.1,63.6,96.2,96.3,96.3,97.2,95.1,96.2,"2,199,385","2,121,639","4,321,023",50.9%,49.1%,100.0%,DK,Denmark,No,No,No,Yes,Protestant,Northern,2010
EE,53.4,71.2,87.3,58.1,65.5,49.5,86.7,51.6,67.4,39.5,73.7,80.7,67.2,21.9,34.9,21.6,13.9,82.7,83.4,70.1,96.8,,44.9,52.8,48.4,35.5,36.1,35.8,26.1,5.0,15.8,15.4,15.8,15.6,64.8,65.8,65.3,"1,016","1,424","1,192","8,466","9,025","8,717",83.8,84.8,84.2,21.4,19.1,20.3,36.4,22.1,29.7,19.0,17.7,18.4,40.0,13.2,29.5,39.8,35.4,37.9,75.3,37.8,58.5,33.5,38.4,35.7,16.4,13.9,15.2,8.4,91.6,100.0,21.7,78.3,100.0,29.0,71.0,100.0,6.7,93.3,100.0,17.6,82.4,100.0,0.0,100.0,100.0,12.5,87.5,100.0,10.5,89.5,100.0,50.8,55.6,52.7,80.8,70.9,75.9,58.2,54.2,56.2,74.0,43.2,58.2,35.4,35.8,35.6,93.8,94.6,94.1,93.7,93.2,93.5,"592,977","494,357","1,087,333",54.5%,45.5%,100.0%,EE,Estonia,Yes,Yes,Yes,Yes,Protestant,Central,2010
EL,48.6,63.6,71.1,57.0,75.3,66.7,84.9,53.4,59.8,47.7,35.6,34.2,37.1,22.3,34.3,13.6,23.8,84.3,94.1,66.6,95.7,,35.1,56.9,45.6,27.4,36.9,32.3,21.2,7.2,12.9,14.4,16.1,15.4,52.2,51.0,51.6,"1,754","2,134","1,954","14,563","15,168","14,859",79.6,81.0,80.3,18.0,17.7,17.9,17.1,18.4,17.8,10.6,10.8,10.7,35.4,16.7,26.0,40.6,12.3,26.8,76.5,8.7,43.4,11.0,17.6,14.7,6.0,4.7,5.2,16.1,83.9,100.0,16.9,83.1,100.0,19.7,80.3,100.0,5.7,94.3,100.0,7.7,92.3,100.0,11.1,88.9,100.0,16.7,83.3,100.0,8.4,91.6,100.0,73.3,77.8,75.5,83.3,78.0,80.7,67.7,66.1,66.9,70.4,54.2,62.8,19.8,24.7,22.2,91.2,93.6,92.3,92.5,92.9,92.7,"4,693,755","4,452,182","9,145,938",51.3%,48.7%,100.0%,EL,Greece,No,No,Yes,Yes,Orthodox,Southeastern,2010
ES,66.4,71.8,77.0,66.9,77.1,70.4,84.4,63.5,71.8,56.2,60.8,60.9,60.6,52.6,73.7,33.3,59.4,88.6,92.4,78.6,95.7,,37.2,53.0,44.9,31.1,37.6,34.5,22.6,7.1,13.9,32.9,35.3,34.2,57.3,56.1,56.8,"1,814","2,239","2,044","17,462","17,879","17,667",80.2,81.5,80.8,17.0,17.0,17.0,24.7,24.4,24.5,16.8,15.5,16.2,44.4,22.0,34.1,45.5,26.9,36.4,80.5,24.6,53.0,39.3,45.5,42.6,7.2,6.3,6.7,36.5,63.5,100.0,34.2,65.8,100.0,42.3,57.7,100.0,10.3,89.7,100.0,23.3,76.7,100.0,44.4,55.6,100.0,33.3,66.7,100.0,13.1,86.9,100.0,68.4,75.4,71.8,85.5,79.2,82.4,63.8,64.5,64.2,75.9,61.6,68.9,36.1,46.0,40.9,94.1,92.6,93.4,91.9,90.7,91.3,"19,488,009","18,722,561","38,210,569",51.0%,49.0%,100.0%,ES,Spain,No,No,Yes,Yes,Catholic,Southern,2010
EU-28,63.8,70.5,78.1,63.7,78.4,69.4,88.6,61.8,68.5,55.8,66.3,67.3,65.4,41.9,47.2,28.9,53.7,87.2,91.1,75.4,96.6,,38.9,56.5,47.2,31.6,37.3,34.5,29.3,8.0,17.6,22.8,27.3,25.1,63.7,62.6,63.2,"2,042","2,573","2,324","14,919","15,570","15,234",83.5,85.3,84.3,20.6,20.3,20.4,20.4,20.9,20.6,16.3,15.5,15.9,43.6,21.5,33.7,38.9,26.4,32.9,79.0,28.7,54.8,27.5,31.9,29.8,14.7,14.3,14.5,24.0,76.0,100.0,23.6,76.4,100.0,26.4,73.6,100.0,12.3,87.7,100.0,17.7,82.3,100.0,39.9,60.1,100.0,30.5,69.5,100.0,13.6,86.4,100.0,65.7,70.9,68.2,82.8,76.9,79.9,62.6,61.8,62.2,72.4,52.2,62.8,36.1,40.1,38.0,93.0,93.7,93.4,92.8,92.8,92.8,"210,830,090","196,034,441","406,864,531",51.8%,48.2%,100.0%,EU-28,European Union,,,,,,,2010
FI,73.1,74.5,88.9,62.4,84.1,74.6,94.9,58.6,78.3,43.9,80.1,84.2,76.3,69.1,86.1,52.5,73.1,89.5,90.5,81.9,96.6,,47.7,56.0,51.6,36.2,37.5,36.8,37.9,8.2,22.6,26.7,50.7,38.5,66.7,65.4,66.1,"2,232","2,818","2,502","18,676","19,543","19,098",85.8,87.1,86.5,27.5,26.5,27.0,31.7,26.0,29.0,32.7,25.7,29.2,50.0,17.1,34.8,38.3,33.7,36.1,86.5,51.1,69.3,60.1,44.5,52.4,17.8,17.8,17.8,50.1,49.9,100.0,40.8,59.3,100.0,42.3,57.7,100.0,25.3,74.7,100.0,28.9,71.1,100.0,46.7,53.3,100.0,44.8,55.2,100.0,21.6,78.4,100.0,66.7,70.0,68.3,83.5,76.9,80.2,57.9,58.5,58.2,69.9,45.7,58.4,60.1,56.9,58.6,93.3,95.9,94.6,94.0,94.5,94.2,"2,193,437","2,069,464","4,262,902",51.5%,48.5%,100.0%,FI,Finland,No,No,Yes,Yes,Protestant,Northern,2010
FR,67.5,71.5,81.1,63.1,83.5,75.9,91.8,62.0,67.9,56.6,66.6,70.3,63.0,52.4,64.1,41.2,54.6,86.7,91.0,74.0,96.8,,41.6,55.2,47.9,32.0,36.0,34.0,31.3,9.6,19.9,17.9,22.1,20.0,66.7,63.8,65.3,"2,049","2,488","2,284","20,978","21,850","21,394",87.1,88.6,87.8,22.4,22.5,22.4,23.3,22.3,22.9,13.4,13.2,13.3,41.5,21.6,32.5,34.2,24.1,29.3,81.7,32.7,58.2,32.1,39.0,35.6,12.2,16.4,14.4,32.9,67.1,100.0,20.3,79.7,100.0,48.3,51.7,100.0,14.7,85.3,100.0,29.0,71.0,100.0,36.8,63.2,100.0,28.6,71.4,100.0,21.5,78.5,100.0,65.0,69.8,67.3,85.3,78.2,81.8,63.4,61.8,62.6,69.7,54.2,62.2,32.0,38.7,35.2,95.5,95.0,95.2,91.8,91.8,91.8,"26,342,172","23,950,555","50,292,727",52.4%,47.6%,100.0%,FR,France,No,No,Yes,Yes,Catholic,Western,2010
HR,52.3,67.2,75.0,60.3,68.6,56.2,83.8,49.9,57.5,43.3,49.8,53.0,46.7,28.4,40.2,24.8,22.9,81.5,85.1,68.3,93.1,,33.5,46.0,39.3,29.5,33.7,31.6,20.5,4.3,11.7,25.1,29.4,27.3,61.0,59.8,60.4,"1,364","1,460","1,416","8,554","8,893","8,716",78.2,80.1,79.1,18.2,17.4,17.8,14.8,14.7,14.7,10.9,10.4,10.6,29.1,13.2,22.6,48.4,27.3,38.3,79.3,15.7,49.1,12.5,19.1,15.9,11.5,9.9,10.6,15.3,84.7,100.0,24.3,75.7,100.0,24.7,75.3,100.0,16.7,83.3,100.0,9.5,90.5,100.0,28.6,71.4,100.0,0.0,100.0,100.0,7.3,92.7,100.0,48.3,47.8,48.1,79.9,73.4,76.7,60.4,57.4,58.9,72.5,57.2,65.3,21.1,28.0,24.4,83.7,86.2,84.7,91.3,90.5,91.0,"1,834,772","1,660,438","3,495,210",52.5%,47.5%,100.0%,HR,Croatia,Yes,No,No,No,Catholic,Central,2010
HU,52.4,66.0,75.8,57.5,70.8,51.0,98.3,54.5,59.2,50.1,54.1,68.7,42.6,23.5,16.1,37.8,21.4,85.4,84.2,76.8,96.3,,38.2,51.1,44.2,27.1,31.2,29.2,25.5,6.3,15.2,16.5,13.4,15.0,63.5,64.4,64.0,"1,144","1,395","1,273","7,392","7,592","7,485",89.2,89.2,89.2,30.4,29.2,29.8,17.9,15.0,16.5,12.9,13.7,13.2,32.3,16.7,25.5,42.6,34.9,39.1,66.8,20.3,45.2,16.6,12.5,14.6,15.1,8.4,11.4,4.1,95.9,100.0,9.7,90.3,100.0,12.0,88.0,100.0,10.7,89.3,100.0,30.4,69.6,100.0,0.0,100.0,100.0,25.0,75.0,100.0,9.4,90.6,100.0,51.5,59.0,55.0,78.6,70.7,74.7,58.6,56.3,57.5,75.7,59.4,68.1,32.7,37.7,35.1,92.6,91.8,92.2,94.9,93.7,94.3,"4,365,848","3,818,218","8,184,066",53.3%,46.7%,100.0%,HU,Hungary,Yes,No,No,Yes,Catholic,Central,2010
IE,65.4,73.5,77.4,69.8,85.5,81.1,90.2,65.3,72.7,58.6,70.8,69.9,71.8,37.2,32.9,21.7,72.1,90.7,96.5,79.0,98.0,,39.8,53.9,46.3,30.0,38.2,34.3,34.8,8.3,20.6,37.1,43.4,40.4,64.1,64.6,64.3,"2,823","3,465","3,134","19,969","20,415","20,188",85.8,86.2,86.0,21.1,20.9,21.0,32.1,27.5,29.9,15.1,15.0,15.0,49.8,24.4,37.7,45.7,27.4,36.5,76.4,36.2,56.4,40.4,48.4,44.6,18.8,15.5,17.0,16.1,83.9,100.0,16.1,83.9,100.0,17.3,82.7,100.0,8.3,91.7,100.0,13.2,86.8,100.0,50.0,50.0,100.0,43.5,56.5,100.0,16.2,83.8,100.0,82.2,83.3,82.8,83.1,78.5,80.8,66.9,65.9,66.4,65.8,46.5,56.3,48.4,47.2,47.8,96.9,97.8,97.3,94.9,95.4,95.1,"1,738,648","1,685,095","3,423,743",50.8%,49.2%,100.0%,IE,Ireland,No,No,Yes,No,Catholic,Western,2010
IT,53.3,61.3,64.9,57.8,78.9,72.5,86.0,53.8,53.7,53.9,55.1,54.5,55.7,25.2,31.7,10.6,47.8,86.3,91.1,74.2,94.9,,30.4,53.7,41.4,24.2,34.8,29.6,25.1,6.6,14.1,19.3,22.0,20.8,55.7,51.9,54.0,"2,036","2,385","2,234","17,271","18,330","17,779",81.0,84.0,82.4,18.7,19.2,18.9,11.5,10.6,11.1,11.8,11.5,11.7,39.1,19.6,30.8,41.4,28.7,35.3,77.0,11.5,45.8,23.6,28.2,26.1,11.8,9.7,10.5,18.2,81.8,100.0,20.3,79.7,100.0,11.7,88.3,100.0,5.0,95.0,100.0,5.6,94.4,100.0,70.0,30.0,100.0,33.3,66.7,100.0,8.2,91.8,100.0,63.3,70.5,66.8,84.6,79.4,82.0,62.6,63.4,63.0,79.9,65.6,73.1,24.5,30.4,27.3,91.9,93.8,92.8,89.0,90.4,89.7,"25,667,742","23,472,782","49,140,523",52.2%,47.8%,100.0%,IT,Italy,No,No,Yes,Yes,Catholic,Southern,2010
LT,54.9,72.6,86.0,61.3,60.8,47.8,77.3,54.3,65.0,45.4,52.2,65.4,41.7,32.9,34.0,23.7,44.3,80.4,81.9,64.8,98.1,,44.0,48.2,45.9,33.4,32.8,33.1,28.2,6.9,18.1,19.0,21.0,19.9,63.2,61.9,62.5,894,"1,047",963,"7,312","7,599","7,439",80.8,79.3,80.1,15.4,12.5,14.1,27.2,20.1,24.0,15.0,16.2,15.6,34.6,15.0,26.6,50.4,36.9,44.3,82.4,24.2,56.0,13.5,17.9,15.5,5.3,6.0,5.6,17.6,82.4,100.0,19.0,81.0,100.0,22.4,77.6,100.0,14.0,86.0,100.0,13.3,86.7,100.0,32.1,67.9,100.0,33.3,66.7,100.0,10.4,89.6,100.0,47.1,54.8,50.2,78.9,67.6,73.3,62.3,57.4,59.9,81.5,45.0,65.0,27.6,33.6,30.3,96.4,97.3,96.8,96.0,96.6,96.2,"1,389,724","1,135,634","2,525,357",55.0%,45.0%,100.0%,LT,Lithuania,Yes,Yes,Yes,Yes,Catholic,Central,2010
LU,61.2,70.9,74.8,67.3,91.8,91.2,92.5,66.3,74.8,58.7,70.2,72.1,68.3,25.6,45.3,5.2,71.5,89.8,93.8,78.5,98.3,,40.0,62.4,50.7,28.1,35.2,31.6,27.6,9.8,17.5,22.7,30.0,26.5,72.5,70.1,71.3,"2,848","3,182","3,066","30,058","31,455","30,747",86.8,87.6,87.1,25.5,23.9,24.6,24.1,31.7,27.8,21.5,21.3,21.4,42.7,23.1,33.3,42.7,30.7,36.9,80.3,34.4,57.9,36.8,45.8,41.5,22.2,15.8,18.5,25.6,74.4,100.0,21.8,78.2,100.0,21.4,78.6,100.0,4.3,95.7,100.0,0.0,100.0,100.0,55.6,44.4,100.0,55.6,44.4,100.0,16.8,83.2,100.0,73.8,76.7,75.2,83.5,77.9,80.7,66.4,64.4,65.4,65.1,45.6,55.3,48.0,51.5,49.7,97.0,96.2,96.6,97.2,96.6,96.9,"200,602","194,524","395,127",50.8%,49.2%,100.0%,LU,Luxembourg,No,No,Yes,Yes,Catholic,Central,2010
LV,55.2,72.6,86.9,60.7,58.9,43.5,79.8,49.2,60.5,40.0,62.0,78.2,49.2,34.8,38.1,37.5,29.5,77.3,80.0,65.5,88.3,,43.8,49.2,46.2,34.5,34.5,34.5,26.0,4.3,15.8,24.9,26.0,25.4,60.7,62.7,61.8,633,770,692,"7,088","7,280","7,173",80.2,79.9,80.1,16.1,13.9,15.1,26.1,16.8,21.8,16.1,14.7,15.4,32.3,12.2,24.8,41.4,32.7,37.5,78.1,39.9,61.0,17.4,22.6,19.9,7.8,7.6,7.7,25.1,74.9,100.0,20.8,79.2,100.0,20.7,79.3,100.0,22.3,77.7,100.0,21.4,78.6,100.0,36.4,63.6,100.0,0.0,100.0,100.0,14.1,85.9,100.0,43.7,53.0,47.7,78.0,67.9,73.0,56.4,53.1,54.8,76.4,43.5,61.9,28.7,34.0,31.1,77.6,79.8,78.6,78.9,78.4,78.7,"965,766","778,989","1,744,754",55.4%,44.6%,100.0%,LV,Latvia,Yes,Yes,Yes,Yes,Split Catholic and Protestant,Central,2010
MT,54.4,65.1,58.6,72.3,79.2,68.6,91.3,65.4,59.2,72.3,54.3,49.7,59.4,20.9,30.0,12.4,24.5,90.6,93.8,81.7,97.0,,28.9,61.9,45.2,21.6,38.7,30.3,30.6,9.7,16.9,36.5,37.8,37.3,67.0,69.0,67.8,"1,821","2,150","2,019","15,237","15,768","15,501",84.8,86.7,85.7,22.8,23.1,22.8,13.0,13.3,13.2,13.3,13.4,13.4,46.5,30.7,39.6,43.0,22.1,32.7,78.0,14.0,46.6,25.4,26.2,25.9,13.5,11.0,11.8,14.0,86.0,100.0,8.7,91.3,100.0,22.1,77.9,100.0,2.7,97.3,100.0,9.1,90.9,100.0,15.4,84.6,100.0,12.5,87.5,100.0,8.6,91.4,100.0,65.6,69.5,67.5,83.6,79.3,81.5,71.3,70.1,70.7,70.0,56.3,63.2,42.7,45.1,43.9,93.3,94.7,94.0,95.0,95.9,95.4,"169,095","164,946","334,041",50.6%,49.4%,100.0%,MT,Malta,No,No,Yes,Yes,Catholic,Southern,2010
NL,74.0,76.3,78.5,74.1,86.6,77.7,96.5,66.9,77.1,58.1,85.9,76.5,96.4,56.9,69.5,40.4,65.8,90.3,93.6,79.3,99.2,,36.3,60.4,47.5,36.2,41.8,39.0,38.5,9.9,23.1,48.5,56.3,52.6,62.4,61.0,61.7,"2,295","2,872","2,591","20,982","21,838","21,404",89.7,91.3,90.5,27.0,27.6,27.3,23.4,28.1,25.7,23.6,23.6,23.6,51.1,24.5,38.3,39.4,32.4,35.9,76.8,34.7,56.0,56.0,58.3,57.2,37.5,33.8,35.5,32.5,67.5,100.0,38.9,61.1,100.0,35.0,65.0,100.0,16.0,84.0,100.0,25.0,75.0,100.0,33.3,66.7,100.0,41.7,58.3,100.0,25.6,74.4,100.0,75.9,80.3,78.0,83.0,78.9,81.0,60.2,61.3,60.8,72.2,58.4,65.4,37.0,41.0,38.9,98.9,98.8,98.9,97.9,97.4,97.7,"6,654,449","6,402,809","13,057,258",51.0%,49.0%,100.0%,NL,Netherlands,No,No,Yes,Yes,Split Catholic and Protestant,Western,2010
PL,55.5,66.3,77.9,56.5,69.5,54.6,88.5,57.8,62.3,53.6,54.2,63.0,46.5,30.6,36.6,27.5,28.6,81.6,85.8,67.9,93.4,,41.2,57.5,49.0,29.0,34.1,31.6,24.2,5.1,13.6,16.1,18.8,17.4,59.2,60.1,59.7,"1,248","1,482","1,371","8,813","9,008","8,906",83.1,83.6,83.3,20.7,20.2,20.5,19.7,15.7,17.8,15.5,15.2,15.4,38.2,19.2,30.5,46.2,33.8,40.3,79.6,20.4,51.6,16.9,21.3,19.0,6.0,6.0,6.0,19.9,80.1,100.0,18.2,81.8,100.0,20.0,80.0,100.0,11.3,88.7,100.0,17.6,82.4,100.0,21.0,79.0,100.0,21.4,78.6,100.0,2.6,97.4,100.0,54.7,61.4,57.8,80.7,72.2,76.5,62.3,58.5,60.4,74.5,51.9,64.1,23.4,26.2,24.7,85.0,86.5,85.7,90.6,89.6,90.1,"16,112,122","14,694,970","30,807,092",52.3%,47.7%,100.0%,PL,Poland,Yes,No,No,Yes,Catholic,Central,2010
PT,53.7,71.4,85.6,59.5,71.8,60.4,85.3,50.1,50.8,49.5,38.7,49.3,30.4,34.9,41.9,20.4,49.6,84.3,83.3,75.5,95.2,,45.8,58.9,52.0,35.1,38.6,36.9,24.6,5.5,14.6,23.4,28.3,25.7,57.0,55.6,56.3,"1,413","1,666","1,541","11,813","12,122","11,961",81.6,83.9,82.7,17.8,18.3,18.1,13.6,9.7,11.8,11.6,12.5,12.0,41.4,18.3,30.6,35.9,20.2,28.4,79.4,11.6,47.3,10.3,19.6,14.7,3.9,2.7,3.3,16.6,83.4,100.0,29.8,70.2,100.0,21.3,78.7,100.0,5.0,95.0,100.0,16.7,83.3,100.0,33.3,66.7,100.0,33.3,66.7,100.0,13.2,86.8,100.0,44.0,54.8,49.1,83.2,76.8,80.0,56.7,59.3,58.0,84.5,62.6,74.3,29.7,35.0,32.2,97.0,97.9,97.4,85.2,87.5,86.3,"4,554,661","4,060,136","8,614,797",52.9%,47.1%,100.0%,PT,Portugal,No,No,Yes,Yes,Catholic,Southern,2010
RO,50.8,67.9,78.8,58.6,59.8,42.5,84.2,47.2,50.1,44.4,50.6,70.9,36.2,30.8,23.5,28.0,44.4,69.9,87.9,42.5,91.6,,42.4,57.0,49.5,29.2,35.2,32.3,14.6,3.6,8.4,18.2,20.2,19.2,67.1,66.0,66.6,860,945,906,"4,196","4,286","4,239",80.2,81.0,80.6,17.5,16.9,17.2,10.0,11.0,10.5,9.5,10.2,9.9,20.6,12.1,16.9,39.9,25.6,33.0,65.4,30.0,48.5,6.3,8.4,7.4,6.5,8.4,7.6,12.1,87.9,100.0,9.8,90.2,100.0,14.7,85.3,100.0,14.3,85.7,100.0,14.8,85.2,100.0,73.3,26.7,100.0,29.2,70.8,100.0,10.6,89.4,100.0,65.9,75.8,70.7,77.7,70.0,73.9,57.5,57.3,57.4,73.4,36.2,55.4,7.4,16.3,11.7,84.6,88.8,86.6,85.4,87.7,86.5,"8,534,370","7,896,958","16,431,328",51.9%,48.1%,100.0%,RO,Romania,Yes,No,No,No,Orthodox,Southeastern,2010
SE,80.1,80.4,91.9,70.4,85.3,75.9,95.8,70.7,74.4,67.1,84.5,84.6,84.3,77.8,92.1,58.7,87.1,93.2,95.7,89.3,94.5,,53.5,64.1,58.4,38.4,41.6,40.0,43.6,10.8,26.3,34.9,47.1,41.3,68.1,66.7,67.4,"2,267","2,720","2,486","19,160","20,186","19,663",85.4,88.8,87.0,27.7,27.7,27.5,31.5,23.7,27.5,37.3,26.0,31.6,54.2,29.1,44.0,37.1,31.9,34.6,79.7,49.3,64.7,51.0,55.0,53.1,23.3,30.5,27.1,46.2,53.8,100.0,46.4,53.6,100.0,47.3,52.7,100.0,26.0,74.0,100.0,33.3,66.7,100.0,59.8,40.2,100.0,48.4,51.6,100.0,42.5,57.5,100.0,77.9,82.2,80.0,83.6,79.6,81.6,66.4,67.0,66.7,76.3,61.3,68.8,58.0,55.8,56.9,87.5,90.1,88.8,91.5,91.6,91.5,"3,754,952","3,660,906","7,415,858",50.6%,49.4%,100.0%,SE,Sweden,No,No,No,Yes,Protestant,Northern,2010
SI,62.7,71.9,84.4,61.3,80.3,67.3,95.8,55.0,68.4,44.2,68.3,64.5,72.4,41.1,44.5,29.9,52.3,86.8,86.3,75.9,99.8,,46.3,58.8,52.4,32.6,35.9,34.2,23.6,5.4,13.8,25.1,31.8,28.5,61.5,60.4,61.0,"1,709","1,795","1,755","14,257","14,701","14,475",85.5,89.2,87.3,28.3,29.8,28.9,20.8,16.7,18.8,23.4,21.5,22.4,31.9,14.1,24.4,47.9,34.7,41.6,80.3,22.8,52.6,41.4,42.7,42.0,16.7,27.7,22.6,34.2,65.8,100.0,11.6,88.4,100.0,22.0,78.0,100.0,11.3,88.7,100.0,18.8,81.3,100.0,42.9,57.1,100.0,30.8,69.2,100.0,6.0,94.0,100.0,56.3,63.2,59.6,83.1,76.4,79.8,54.6,53.4,54.0,72.2,54.0,63.3,37.0,45.6,41.3,99.6,99.7,99.7,98.7,98.7,98.7,"863,034","831,661","1,694,694",50.9%,49.1%,100.0%,SI,Slovenia,Yes,No,Yes,Yes,Catholic,Central,2010
SK,53.0,64.8,79.0,53.1,70.2,51.9,95.1,59.5,59.1,59.9,39.9,52.7,30.2,29.5,31.0,34.1,24.3,84.8,85.4,73.1,97.6,,42.5,57.6,49.7,29.5,35.2,32.4,25.7,4.4,13.9,11.0,15.1,13.0,66.8,65.7,66.2,"1,024","1,292","1,161","9,201","9,673","9,427",88.8,89.3,89.0,27.8,26.0,26.9,14.7,13.3,14.0,14.0,13.6,13.8,46.9,23.8,37.6,27.1,14.4,21.1,55.9,11.8,35.0,10.6,19.9,15.2,7.1,3.2,4.9,16.3,83.7,100.0,17.2,82.8,100.0,15.0,85.0,100.0,18.3,81.7,100.0,17.4,82.6,100.0,16.7,83.3,100.0,11.1,88.9,100.0,10.1,89.9,100.0,59.2,68.3,63.6,79.3,71.8,75.6,52.0,52.4,52.2,75.6,53.2,64.8,33.0,39.7,36.2,94.4,94.8,94.6,95.8,95.5,95.7,"2,256,321","2,085,654","4,341,975",52.0%,48.0%,100.0%,SK,Slovakia,Yes,No,Yes,Yes,Catholic,Central,2010
UK,68.7,75.1,81.1,69.5,79.8,74.4,85.7,73.3,80.6,66.7,72.1,78.4,66.3,42.4,47.5,22.9,70.2,94.1,95.6,88.5,98.4,,40.7,59.0,49.2,34.8,40.8,37.9,38.7,10.7,23.8,29.7,36.5,33.4,67.1,69.2,68.1,"2,284","3,103","2,698","18,756","19,955","19,341",82.5,84.6,83.5,19.2,18.1,18.7,31.4,30.3,30.9,25.0,21.3,23.2,53.5,29.0,42.9,33.0,21.6,27.5,81.5,51.3,67.0,33.4,35.8,34.7,15.6,12.7,14.1,21.9,78.1,100.0,20.9,79.1,100.0,31.0,69.0,100.0,13.7,86.3,100.0,9.6,90.4,100.0,39.4,60.6,100.0,54.5,45.5,100.0,20.9,79.1,100.0,78.8,80.1,79.4,82.6,78.6,80.6,65.6,64.9,65.3,73.6,58.5,66.6,55.0,55.4,55.2,96.1,96.8,96.4,97.1,97.0,97.1,"25,317,570","23,832,649","49,150,219",51.5%,48.5%,100.0%,UK,United Kingdom,No,No,No,No,Protestant,Western,2010
AT,61.3,75.6,80.9,70.6,83.6,75.8,92.2,59.9,61.8,58.1,65.3,61.0,69.8,30.8,60.3,11.8,40.8,91.5,91.7,84.6,98.8,,41.3,61.2,50.5,34.1,38.8,36.5,25.3,7.6,15.9,35.5,36.4,35.9,65.4,64.3,64.9,"1,926","2,574","2,310","22,971","24,468","23,698",85.1,87.6,86.3,23.5,23.5,23.5,13.3,18.5,15.8,19.7,18.6,19.1,45.4,23.2,35.0,27.3,12.7,20.3,69.4,28.0,50.0,24.6,25.3,24.9,23.1,32.4,28.1,33.8,66.2,100.0,29.0,71.0,100.0,31.7,68.3,100.0,11.7,88.3,100.0,0.0,100.0,100.0,30.2,69.8,100.0,20.0,80.0,100.0,13.6,86.4,100.0,68.4,71.7,70.0,83.6,78.4,81.0,62.5,60.2,61.4,65.3,53.3,59.4,51.5,54.7,53.1,98.8,98.6,98.7,97.3,96.4,96.8,"3,575,284","3,325,757","6,901,040",51.8%,48.2%,100.0%,AT,Austria,No,No,Yes,Yes,Catholic,Central,2012
BE,70.2,72.8,75.4,70.4,85.6,78.6,93.3,70.6,72.5,68.8,71.8,75.7,68.1,50.5,70.0,36.0,51.0,86.4,93.4,70.3,98.1,,36.3,53.4,44.3,29.6,34.7,32.2,38.6,11.1,23.6,29.5,33.2,31.5,66.5,66.2,66.4,"2,460","2,835","2,671","19,506","20,469","19,976",84.3,86.1,85.2,25.1,25.7,25.3,28.6,27.2,27.9,14.6,14.1,14.4,55.8,30.8,44.7,34.5,23.5,29.2,78.8,42.2,61.2,32.3,38.7,35.7,16.0,15.0,15.4,28.8,71.2,100.0,39.5,60.5,100.0,40.0,60.0,100.0,12.8,87.2,100.0,24.1,75.9,100.0,40.0,60.0,100.0,27.0,73.0,100.0,11.7,88.3,100.0,72.2,76.8,74.5,83.1,77.8,80.5,65.0,64.2,64.6,68.3,50.1,59.5,29.5,36.4,32.9,97.6,97.8,97.7,95.5,94.4,95.0,"4,534,368","4,291,001","8,825,369",51.4%,48.6%,100.0%,BE,Belgium,No,No,Yes,Yes,Catholic,Western,2012
BG,56.9,68.7,82.0,57.6,60.5,44.2,82.7,51.9,54.6,49.3,47.4,56.6,39.7,49.4,53.4,32.7,69.3,75.8,88.4,52.3,94.1,,42.2,50.3,46.1,30.3,32.7,31.6,19.0,4.5,11.4,20.3,31.3,25.8,62.3,65.6,63.9,717,827,773,"6,512","6,781","6,641",78.2,82.0,80.0,16.8,17.6,17.1,22.2,16.1,19.3,8.9,9.0,9.0,27.1,15.4,21.8,37.4,22.2,30.2,69.5,16.2,44.6,11.7,19.5,15.6,6.0,5.6,5.8,35.1,64.9,100.0,23.0,77.0,100.0,25.6,74.4,100.0,15.0,85.0,100.0,19.0,81.0,100.0,44.4,55.6,100.0,60.0,40.0,100.0,20.2,79.8,100.0,62.7,70.8,66.6,77.9,70.9,74.4,65.7,62.1,63.9,67.5,46.7,57.9,9.4,18.2,13.5,88.0,88.9,88.5,88.6,88.8,88.7,"3,185,762","2,958,790","6,144,552",51.8%,48.2%,100.0%,BG,Bulgaria,Yes,No,No,No,Orthodox,Southeastern,2012
CY,50.6,68.9,83.4,56.9,81.7,76.4,87.4,58.2,73.2,46.2,45.9,52.7,40.0,17.4,30.2,6.8,25.7,87.1,94.4,73.0,96.0,,47.1,59.6,53.0,32.4,39.9,36.3,18.4,5.4,11.6,17.5,18.5,18.0,50.8,53.0,51.9,"1,976","2,503","2,255","22,632","23,520","23,059",83.1,87.5,85.2,20.2,21.6,20.8,32.6,29.8,31.3,16.0,14.0,15.1,38.9,16.5,28.4,48.5,25.3,37.1,74.6,16.4,46.3,9.7,21.7,15.8,8.4,10.5,9.6,18.1,81.9,100.0,11.6,88.4,100.0,17.8,82.2,100.0,6.3,93.7,100.0,0.0,100.0,100.0,25.0,75.0,100.0,11.1,88.9,100.0,4.0,96.0,100.0,75.6,78.8,77.1,83.4,78.9,81.2,64.0,63.4,63.7,81.4,53.9,68.4,33.0,38.6,35.7,94.5,95.7,95.1,90.7,89.9,90.3,"353,595","325,555","679,150",52.1%,47.9%,100.0%,CY,Cyprus,No,No,Yes,No,Orthodox,Southeastern,2012
CZ,56.7,65.3,79.9,53.3,74.0,55.8,98.1,57.7,66.3,50.2,55.5,59.4,51.9,32.0,31.7,29.0,35.6,85.7,89.0,72.3,98.0,,44.0,62.9,53.2,30.9,37.5,34.3,24.3,5.0,13.3,11.0,10.6,10.8,65.4,60.9,63.1,"1,124","1,438","1,296","11,361","12,079","11,708",90.1,92.2,91.1,29.0,29.6,29.1,15.2,16.3,15.8,20.2,19.0,19.6,42.7,18.6,32.4,33.0,22.3,27.8,63.5,14.6,40.1,22.6,27.8,25.2,7.9,7.1,7.4,9.5,90.5,100.0,20.6,79.4,100.0,18.7,81.3,100.0,15.3,84.7,100.0,14.3,85.7,100.0,30.0,70.0,100.0,17.5,82.5,100.0,7.2,92.8,100.0,58.4,63.0,60.4,81.2,75.1,78.2,64.1,62.3,63.2,72.7,54.2,63.8,30.1,37.5,33.6,96.2,96.2,96.2,96.0,95.3,95.7,"4,449,848","4,211,832","8,661,680",51.4%,48.6%,100.0%,CZ,Czech Republic,Yes,No,No,Yes,Catholic,Central,2012
DE,64.9,70.6,80.2,62.1,84.0,78.1,90.2,57.1,62.7,51.9,67.8,66.1,69.6,46.0,59.9,33.0,49.1,89.4,90.2,80.9,97.9,,39.1,59.2,48.6,34.9,40.0,37.5,30.2,8.9,18.8,15.8,18.2,17.0,67.9,65.5,66.7,"2,379","3,062","2,759","21,107","22,543","21,801",82.5,85.0,83.7,23.0,22.5,22.7,19.7,27.4,23.4,13.6,14.8,14.2,52.3,21.7,37.0,26.5,13.1,20.0,77.5,37.4,58.3,21.8,25.2,23.5,22.6,23.4,23.0,28.2,71.8,100.0,32.8,67.2,100.0,32.3,67.7,100.0,17.5,82.5,100.0,16.7,83.3,100.0,36.6,63.4,100.0,23.7,76.3,100.0,16.1,83.9,100.0,63.8,67.1,65.3,83.3,78.6,81.0,57.9,57.4,57.7,63.3,46.6,55.1,50.8,53.1,51.9,94.2,94.1,94.2,96.6,96.6,96.6,"34,701,879","32,491,905","67,193,784",51.6%,48.4%,100.0%,DE,Germany,Split,No,Yes,Yes,Split Catholic and Protestant,Central,2012
DK,75.6,79.7,88.3,72.1,85.7,80.4,91.4,71.3,80.5,63.1,85.4,85.5,85.3,57.5,76.1,45.6,54.8,90.2,92.6,81.7,96.9,,46.3,57.0,51.3,37.8,40.7,39.3,43.1,13.6,27.6,31.8,50.1,41.4,72.9,70.4,71.7,"2,657","3,307","2,967","20,788","21,348","21,064",87.7,87.5,87.6,26.7,23.2,24.9,28.9,23.6,26.3,43.9,32.7,38.3,54.8,27.3,43.1,22.6,17.4,20.1,76.7,55.1,66.2,52.8,50.5,51.6,22.0,23.7,22.9,42.9,57.1,100.0,38.9,61.1,100.0,34.3,65.7,100.0,18.8,81.2,100.0,27.4,72.6,100.0,37.0,63.0,100.0,29.4,70.6,100.0,17.1,82.9,100.0,70.0,71.4,70.8,82.1,78.1,80.1,61.4,60.6,61.0,60.7,43.7,52.3,68.2,59.1,63.6,95.2,93.6,94.4,95.3,94.4,94.8,"2,228,058","2,151,992","4,380,050",50.9%,49.1%,100.0%,DK,Denmark,No,No,No,Yes,Protestant,Northern,2012
EE,53.5,71.4,87.7,58.1,64.9,50.2,84.0,53.8,70.5,41.1,70.1,73.0,67.2,22.0,33.7,22.7,13.9,82.1,83.2,70.1,94.7,,47.4,59.9,53.1,35.7,36.6,36.2,26.3,5.2,15.7,15.4,15.8,15.6,64.8,65.8,65.3,"1,016","1,424","1,192","8,947","9,614","9,247",81.5,83.1,82.2,19.8,17.4,18.7,38.1,24.7,31.7,18.9,18.1,18.5,42.1,14.3,30.8,34.7,17.8,27.1,78.4,50.0,65.8,33.5,38.4,35.7,16.4,13.9,15.2,7.7,92.3,100.0,20.2,79.8,100.0,29.0,71.0,100.0,7.3,92.7,100.0,18.2,81.8,100.0,0.0,100.0,100.0,12.5,87.5,100.0,10.5,89.5,100.0,50.7,55.0,52.4,81.5,71.4,76.5,57.2,53.1,55.2,74.0,43.2,58.2,35.4,35.8,35.6,89.4,91.0,90.1,90.7,92.2,91.4,"588,515","492,631","1,081,146",54.4%,45.6%,100.0%,EE,Estonia,Yes,Yes,Yes,Yes,Protestant,Central,2012
EL,50.1,63.6,69.4,58.4,71.1,62.7,80.7,54.3,60.7,48.5,45.2,55.1,37.1,22.3,30.7,15.3,23.6,83.9,93.5,66.6,94.8,,29.8,47.2,38.1,27.8,36.0,32.0,21.9,8.3,13.9,14.4,16.1,15.4,52.2,51.0,51.6,"1,754","2,134","1,954","11,136","11,585","11,355",77.0,78.1,77.5,15.6,15.1,15.0,18.6,19.9,19.2,10.2,10.7,10.5,39.4,17.9,28.4,45.5,26.3,36.1,79.6,17.5,49.2,11.0,17.6,14.7,6.0,4.7,5.2,10.7,89.3,100.0,19.4,80.6,100.0,17.3,82.7,100.0,7.0,93.0,100.0,8.3,91.7,100.0,11.1,88.9,100.0,16.7,83.3,100.0,8.4,91.6,100.0,72.2,77.8,74.8,83.4,78.0,80.7,64.9,64.8,64.9,70.4,54.2,62.8,19.8,24.7,22.2,88.9,91.3,90.1,91.5,91.1,91.3,"4,702,272","4,417,820","9,120,092",51.6%,48.4%,100.0%,EL,Greece,No,No,Yes,Yes,Orthodox,Southeastern,2012
ES,67.4,72.3,77.5,67.4,76.0,69.6,82.9,64.2,73.0,56.6,65.8,71.4,60.6,52.9,69.7,35.8,59.2,89.1,93.6,78.6,96.2,,35.2,48.5,41.6,32.1,37.3,34.8,23.7,7.6,14.9,32.9,35.3,34.2,57.3,56.1,56.8,"1,814","2,239","2,044","16,690","17,094","16,888",80.3,80.3,80.3,16.3,15.7,16.0,25.9,25.5,25.7,16.9,15.7,16.3,45.7,22.5,34.9,42.6,26.2,34.6,80.4,39.6,60.7,39.3,45.5,42.6,7.2,6.3,6.7,28.4,71.6,100.0,36.4,63.6,100.0,42.3,57.7,100.0,12.3,87.7,100.0,24.1,75.9,100.0,44.4,55.6,100.0,33.3,66.7,100.0,13.1,86.9,100.0,71.6,77.1,74.3,85.5,79.5,82.5,65.8,64.8,65.3,75.9,61.6,68.9,36.1,46.0,40.9,94.6,94.0,94.3,90.6,91.2,90.9,"19,633,967","18,757,329","38,391,296",51.1%,48.9%,100.0%,ES,Spain,No,No,Yes,Yes,Catholic,Southern,2012
EU-28,65.0,71.0,78.7,64.0,78.4,70.0,87.9,62.8,70.4,56.1,68.9,72.6,65.4,43.5,48.3,31.8,53.7,87.2,91.1,75.4,96.5,,38.8,55.6,46.7,32.2,37.6,35.0,29.7,8.2,18.0,22.8,27.3,25.1,63.7,62.6,63.2,"2,042","2,573","2,324","15,457","16,133","15,783",83.2,84.6,83.9,20.6,19.8,20.2,22.2,22.2,22.2,16.0,15.5,15.7,45.0,22.0,34.6,36.4,23.6,30.2,78.2,38.6,59.3,27.5,31.9,29.8,14.7,14.3,14.5,23.9,76.1,100.0,25.0,75.0,100.0,26.7,73.3,100.0,15.5,84.5,100.0,17.6,82.4,100.0,39.9,60.1,100.0,30.5,69.5,100.0,13.6,86.4,100.0,65.6,71.1,68.2,83.1,77.4,80.3,62.1,61.5,61.8,72.4,52.2,62.8,36.1,40.1,38.0,93.2,94.0,93.6,92.7,93.0,92.8,"211,813,267","196,854,919","408,668,186",51.8%,48.2%,100.0%,EU-28,European Union,,,,,,,2012
FI,74.4,74.8,89.2,62.7,84.8,76.2,94.4,59.5,79.5,44.6,81.0,86.0,76.3,73.2,86.3,62.0,73.2,89.3,90.2,81.9,96.4,,47.6,55.9,51.5,36.7,38.0,37.4,39.3,8.6,23.5,26.7,50.7,38.5,66.7,65.4,66.1,"2,232","2,818","2,502","20,309","21,155","20,720",85.9,86.8,86.3,27.0,25.9,26.4,32.9,26.6,29.9,33.4,26.6,30.0,50.6,17.5,35.3,26.9,20.3,23.7,74.9,56.2,65.8,60.1,44.5,52.4,17.8,17.8,17.8,47.6,52.4,100.0,42.4,57.6,100.0,43.3,56.7,100.0,27.8,72.2,100.0,36.1,63.9,100.0,46.7,53.3,100.0,44.8,55.2,100.0,21.6,78.4,100.0,66.0,68.2,67.1,83.7,77.7,80.7,56.2,57.3,56.8,69.9,45.7,58.4,60.1,56.9,58.6,92.8,95.1,94.0,93.6,94.5,94.0,"2,219,416","2,100,059","4,319,475",51.4%,48.6%,100.0%,FI,Finland,No,No,Yes,Yes,Protestant,Northern,2012
FR,68.9,71.9,81.4,63.5,83.7,77.2,90.6,62.4,69.7,55.8,70.3,78.5,63.0,55.1,70.8,43.2,54.6,86.8,91.6,74.0,96.6,,41.5,54.6,47.5,32.4,36.4,34.5,32.3,10.0,20.6,17.9,22.1,20.0,66.7,63.8,65.3,"2,049","2,488","2,284","22,419","23,394","22,885",86.3,87.7,87.0,22.1,21.5,21.8,24.7,23.6,24.2,13.8,13.8,13.8,40.9,21.1,32.0,37.7,27.9,33.0,81.2,45.2,64.1,32.1,39.0,35.6,12.2,16.4,14.4,41.0,59.0,100.0,22.7,77.3,100.0,48.3,51.7,100.0,24.7,75.3,100.0,21.2,78.8,100.0,36.8,63.2,100.0,28.6,71.4,100.0,21.5,78.5,100.0,65.9,70.4,68.1,85.4,78.7,82.1,63.8,62.6,63.2,69.7,54.2,62.2,32.0,38.7,35.2,94.3,94.7,94.5,91.3,91.3,91.3,"26,593,408","24,196,271","50,789,679",52.4%,47.6%,100.0%,FR,France,No,No,Yes,Yes,Catholic,Western,2012
HR,52.6,68.3,75.5,61.8,68.9,55.7,85.2,48.5,58.7,40.0,54.7,63.9,46.7,27.3,40.0,22.2,22.9,82.8,85.7,68.3,97.0,,35.9,48.5,41.9,28.6,33.6,31.2,20.6,5.3,12.2,25.1,29.4,27.3,61.0,59.8,60.4,"1,364","1,460","1,416","8,167","8,458","8,305",79.3,81.1,80.2,18.8,18.4,18.4,14.9,14.6,14.8,11.6,11.4,11.5,31.0,12.4,22.9,38.0,23.9,31.3,80.9,26.8,55.2,12.5,19.1,15.9,11.5,9.9,10.6,15.2,84.8,100.0,25.1,74.9,100.0,23.7,76.3,100.0,16.2,83.8,100.0,7.1,92.9,100.0,28.6,71.4,100.0,0.0,100.0,100.0,7.3,92.7,100.0,45.6,47.6,46.8,80.6,73.9,77.3,64.2,61.9,63.1,72.5,57.2,65.3,21.1,28.0,24.4,92.1,93.1,92.6,95.7,95.6,95.6,"1,826,939","1,655,690","3,482,629",52.5%,47.5%,100.0%,HR,Croatia,Yes,No,No,No,Catholic,Central,2012
HU,51.8,66.4,76.9,57.4,69.8,52.5,92.9,54.3,59.6,49.5,55.2,71.6,42.6,21.9,15.9,31.0,21.5,85.9,85.9,76.8,96.0,,38.9,52.0,45.0,28.2,32.4,30.3,25.7,6.2,15.3,16.5,13.4,15.0,63.5,64.4,64.0,"1,144","1,395","1,273","8,426","8,786","8,594",87.6,86.7,87.2,26.9,24.5,25.7,20.3,16.5,18.5,12.2,13.0,12.6,32.7,16.6,25.5,35.5,25.8,31.1,60.5,24.9,44.4,16.6,12.5,14.6,15.1,8.4,11.4,6.4,93.6,100.0,9.0,91.0,100.0,10.0,90.0,100.0,7.5,92.5,100.0,26.1,73.9,100.0,0.0,100.0,100.0,25.0,75.0,100.0,9.4,90.6,100.0,53.7,61.9,57.6,78.7,71.6,75.2,60.5,59.2,59.9,75.7,59.4,68.1,32.7,37.7,35.1,91.5,90.9,91.2,92.8,92.7,92.8,"4,347,587","3,814,768","8,162,355",53.3%,46.7%,100.0%,HU,Hungary,Yes,No,No,Yes,Catholic,Central,2012
IE,67.7,73.7,77.3,70.2,84.4,80.7,88.2,67.7,74.0,62.0,76.5,81.6,71.8,40.7,37.0,25.4,71.7,90.4,96.5,79.0,97.0,,39.0,52.1,45.0,30.1,37.9,34.1,35.3,8.7,21.1,37.1,43.4,40.4,64.1,64.6,64.3,"2,823","3,465","3,134","19,436","19,761","19,595",84.8,84.3,84.6,21.4,20.0,20.7,34.1,29.2,31.7,15.1,15.0,15.1,52.2,26.8,39.7,46.9,32.3,39.7,87.6,59.9,74.6,40.4,48.4,44.6,18.8,15.5,17.0,17.8,82.2,100.0,18.6,81.4,100.0,20.0,80.0,100.0,9.7,90.3,100.0,15.8,84.2,100.0,50.0,50.0,100.0,43.5,56.5,100.0,16.2,83.8,100.0,82.6,83.0,82.7,83.2,78.7,81.0,68.5,65.9,67.2,65.8,46.5,56.3,48.4,47.2,47.8,95.8,96.2,96.0,91.9,92.8,92.4,"1,745,037","1,677,270","3,422,307",51.0%,49.0%,100.0%,IE,Ireland,No,No,Yes,No,Catholic,Western,2012
IT,56.5,62.4,66.7,58.5,78.7,72.8,85.1,56.7,54.4,59.2,61.4,67.6,55.7,29.4,35.8,14.8,47.8,86.5,91.3,74.2,95.5,,30.5,51.8,40.5,25.4,35.2,30.5,25.0,7.0,14.5,19.3,22.0,20.8,55.7,51.9,54.0,"2,036","2,385","2,234","17,651","18,757","18,181",80.2,83.3,81.7,18.0,18.2,18.1,12.5,11.1,11.8,12.0,11.7,11.8,44.0,23.1,35.1,41.6,28.6,35.4,82.2,29.7,57.2,23.6,28.2,26.1,11.8,9.7,10.5,19.8,80.2,100.0,23.6,76.4,100.0,13.3,86.7,100.0,9.5,90.5,100.0,5.7,94.3,100.0,70.0,30.0,100.0,33.3,66.7,100.0,8.2,91.8,100.0,65.0,72.2,68.4,84.8,79.8,82.3,61.5,62.1,61.8,79.9,65.6,73.1,24.5,30.4,27.3,92.8,94.4,93.6,89.6,90.3,89.9,"25,838,211","23,624,892","49,463,103",52.2%,47.8%,100.0%,IT,Italy,No,No,Yes,Yes,Catholic,Southern,2012
LT,54.2,72.6,86.8,60.8,64.3,48.4,85.5,54.7,66.2,45.3,55.7,74.5,41.7,27.7,34.8,13.9,44.2,79.6,79.7,64.8,97.7,,45.7,52.9,48.9,34.2,33.7,34.0,27.4,6.4,17.3,19.0,21.0,19.9,63.2,61.9,62.5,894,"1,047",963,"7,750","8,225","7,964",81.2,82.1,81.6,19.5,18.2,18.9,29.2,21.3,25.6,15.1,16.1,15.5,35.6,15.1,27.1,42.9,29.6,36.9,80.9,40.6,62.9,13.5,17.9,15.5,5.3,6.0,5.6,16.8,83.2,100.0,21.3,78.7,100.0,22.4,77.6,100.0,15.5,84.5,100.0,0.0,100.0,100.0,32.1,67.9,100.0,33.3,66.7,100.0,10.4,89.6,100.0,40.4,49.9,44.3,79.6,68.4,74.0,61.6,56.6,59.1,81.5,45.0,65.0,27.6,33.6,30.3,96.4,97.3,96.8,94.9,96.3,95.5,"1,350,917","1,100,141","2,451,057",55.1%,44.9%,100.0%,LT,Lithuania,Yes,Yes,Yes,Yes,Catholic,Central,2012
LU,65.9,72.5,77.7,67.7,92.1,91.6,92.7,68.7,78.6,60.1,71.5,74.8,68.3,34.9,47.6,12.5,71.2,90.0,94.4,78.5,98.4,,42.0,61.3,51.3,29.4,35.5,32.5,30.1,10.5,19.1,22.7,30.0,26.5,72.5,70.1,71.3,"2,848","3,182","3,066","30,366","31,383","30,872",86.1,87.0,86.5,24.6,23.8,24.2,27.6,34.4,31.0,21.9,22.0,22.0,45.0,24.2,35.0,40.7,30.0,35.4,76.7,36.3,56.8,36.8,45.8,41.5,22.2,15.8,18.5,26.7,73.3,100.0,22.8,77.2,100.0,22.2,77.8,100.0,8.2,91.8,100.0,3.7,96.3,100.0,55.6,44.4,100.0,55.6,44.4,100.0,16.8,83.2,100.0,72.5,75.1,73.8,83.8,79.1,81.5,66.4,65.8,66.1,65.1,45.6,55.3,48.0,51.5,49.7,97.2,96.5,96.9,97.2,96.8,97.0,"209,717","205,474","415,191",50.5%,49.5%,100.0%,LU,Luxembourg,No,No,Yes,Yes,Catholic,Central,2012
LV,56.2,74.3,86.9,63.5,59.6,43.5,81.5,48.8,62.2,38.3,60.8,75.1,49.2,37.9,43.7,42.1,29.5,77.9,80.5,65.5,89.7,,45.4,54.8,49.6,34.9,35.2,35.0,26.0,6.3,16.4,24.9,26.0,25.4,60.7,62.7,61.8,633,770,692,"7,254","7,740","7,470",81.3,82.0,81.6,16.9,14.9,16.0,29.3,18.0,24.0,16.2,15.4,15.9,36.0,12.3,26.4,41.2,24.6,33.7,82.1,49.3,67.8,17.4,22.6,19.9,7.8,7.6,7.7,30.8,69.2,100.0,22.3,77.7,100.0,23.3,76.7,100.0,27.7,72.3,100.0,21.4,78.6,100.0,36.4,63.6,100.0,0.0,100.0,100.0,14.1,85.9,100.0,43.0,51.2,46.6,78.9,68.9,73.9,59.0,54.6,56.8,76.4,43.5,61.9,28.7,34.0,31.1,80.9,81.0,80.9,79.4,79.2,79.3,"939,266","755,553","1,694,819",55.4%,44.6%,100.0%,LV,Latvia,Yes,Yes,Yes,Yes,Split Catholic and Protestant,Central,2012
MT,57.8,68.2,63.2,73.7,80.6,69.5,93.3,66.3,60.2,73.0,58.7,57.9,59.4,25.0,29.1,21.9,24.6,91.6,95.3,81.7,98.6,,31.8,61.4,46.3,23.7,39.0,31.6,31.9,10.9,18.6,36.5,37.8,37.3,67.0,69.0,67.8,"1,821","2,150","2,019","16,183","16,977","16,576",85.7,87.2,86.4,25.6,24.8,25.1,14.5,14.8,14.6,14.4,13.3,13.9,52.5,32.4,43.7,41.7,22.2,32.2,80.1,23.7,53.1,25.4,26.2,25.9,13.5,11.0,11.8,11.9,88.1,100.0,10.4,89.6,100.0,21.2,78.8,100.0,2.7,97.3,100.0,18.9,81.1,100.0,15.4,84.6,100.0,12.5,87.5,100.0,8.6,91.4,100.0,70.7,73.5,72.1,83.0,78.6,80.8,72.2,71.5,71.9,70.0,56.3,63.2,42.7,45.1,43.9,97.2,97.3,97.3,96.5,97.0,96.7,"172,647","168,468","341,115",50.6%,49.4%,100.0%,MT,Malta,No,No,Yes,Yes,Catholic,Southern,2012
NL,74.0,76.2,78.6,73.9,87.0,77.6,97.5,66.9,78.0,57.5,86.7,78.0,96.4,56.6,66.0,41.8,65.8,89.7,91.8,79.3,99.3,,35.3,59.0,46.4,36.8,42.0,39.5,38.6,9.7,23.0,48.5,56.3,52.6,62.4,61.0,61.7,"2,295","2,872","2,591","20,990","22,019","21,497",90.1,91.4,90.8,27.8,27.7,27.7,24.5,28.3,26.4,23.2,23.4,23.3,48.9,23.8,36.7,34.0,24.8,29.5,80.5,44.6,62.9,56.0,58.3,57.2,37.5,33.8,35.5,29.2,70.8,100.0,38.1,61.9,100.0,33.7,66.3,100.0,21.0,79.0,100.0,21.4,78.6,100.0,33.3,66.7,100.0,41.7,58.3,100.0,25.6,74.4,100.0,72.1,79.4,75.6,83.0,79.3,81.2,58.9,63.5,61.2,72.2,58.4,65.4,37.0,41.0,38.9,98.6,98.9,98.8,97.8,98.3,98.0,"6,742,554","6,495,238","13,237,792",50.9%,49.1%,100.0%,NL,Netherlands,No,No,Yes,Yes,Split Catholic and Protestant,Western,2012
PL,56.9,66.6,78.3,56.5,70.3,56.2,88.0,56.5,61.5,51.9,55.3,65.6,46.5,34.8,43.5,33.8,28.6,81.7,85.9,67.9,93.6,,41.4,58.1,49.3,29.5,34.5,32.1,23.6,5.1,13.4,16.1,18.8,17.4,59.2,60.1,59.7,"1,248","1,482","1,371","10,025","10,340","10,176",83.7,83.6,83.7,21.4,19.9,20.6,22.1,17.1,19.7,14.1,13.6,13.9,38.7,18.5,30.6,38.1,23.6,31.3,74.5,27.7,53.0,16.9,21.3,19.0,6.0,6.0,6.0,24.0,76.0,100.0,21.0,79.0,100.0,24.0,76.0,100.0,11.7,88.3,100.0,24.0,76.0,100.0,21.0,79.0,100.0,21.4,78.6,100.0,2.6,97.4,100.0,54.3,61.6,57.7,81.1,72.6,76.9,62.8,59.1,61.0,74.5,51.9,64.1,23.4,26.2,24.7,84.7,87.1,85.8,91.2,90.8,91.0,"16,179,902","14,792,449","30,972,351",52.2%,47.8%,100.0%,PL,Poland,Yes,No,No,Yes,Catholic,Central,2012
PT,54.4,71.4,84.1,60.6,71.7,60.7,84.8,54.9,59.1,51.0,46.0,69.5,30.4,29.7,42.4,12.6,49.3,84.4,84.6,75.5,94.2,,42.1,52.6,47.0,35.0,38.8,36.9,26.8,6.5,16.2,23.4,28.3,25.7,57.0,55.6,56.3,"1,413","1,666","1,541","12,075","12,439","12,247",82.1,83.3,82.7,17.4,17.0,17.2,16.1,12.3,14.3,15.7,15.9,15.8,41.7,19.1,31.2,38.0,28.5,33.5,81.4,29.0,57.5,10.3,19.6,14.7,3.9,2.7,3.3,15.7,84.3,100.0,29.4,70.6,100.0,23.7,76.3,100.0,6.8,93.2,100.0,6.3,93.8,100.0,33.3,66.7,100.0,33.3,66.7,100.0,13.2,86.8,100.0,42.7,54.0,48.1,83.6,77.3,80.5,62.6,64.5,63.6,84.5,62.6,74.3,29.7,35.0,32.2,94.3,94.4,94.3,82.7,83.6,83.1,"4,578,484","4,052,000","8,630,484",53.1%,46.9%,100.0%,PT,Portugal,No,No,Yes,Yes,Catholic,Southern,2012
RO,51.2,67.8,78.5,58.5,59.2,42.7,82.1,50.2,52.7,47.9,53.2,78.1,36.2,28.8,26.5,20.4,44.4,70.2,88.5,42.5,92.1,,41.8,57.8,49.5,29.5,35.2,32.4,14.1,3.5,8.2,18.2,20.2,19.2,67.1,66.0,66.6,860,945,906,"4,343","4,472","4,405",79.1,79.4,79.2,16.3,15.5,15.9,11.7,12.0,11.9,9.4,10.1,9.8,26.8,14.8,21.3,42.1,27.9,35.3,67.7,41.6,55.3,6.3,8.4,7.4,6.5,8.4,7.6,15.8,84.2,100.0,10.4,89.6,100.0,15.0,85.0,100.0,9.8,90.2,100.0,11.1,88.9,100.0,73.3,26.7,100.0,29.2,70.8,100.0,10.6,89.4,100.0,66.3,74.8,70.3,78.1,70.9,74.5,57.7,57.6,57.7,73.4,36.2,55.4,7.4,16.3,11.7,85.3,89.4,87.2,86.3,88.4,87.3,"8,450,247","7,824,898","16,275,146",51.9%,48.1%,100.0%,RO,Romania,Yes,No,No,No,Orthodox,Southeastern,2012
SE,79.7,81.4,93.8,70.6,85.3,77.4,93.9,70.9,75.6,66.6,83.5,82.6,84.3,75.2,93.0,52.6,87.1,93.0,95.7,89.3,94.2,,55.3,64.5,59.6,39.3,41.8,40.6,43.2,11.0,26.3,34.9,47.1,41.3,68.1,66.7,67.4,"2,267","2,720","2,486","20,723","21,755","21,225",84.0,87.6,85.8,26.6,26.2,26.2,33.9,24.6,29.2,38.8,27.2,33.0,53.5,28.6,43.5,25.6,18.1,21.9,74.1,51.7,63.0,51.0,55.0,53.1,23.3,30.5,27.1,51.4,48.6,100.0,44.3,55.7,100.0,47.0,53.0,100.0,25.5,74.5,100.0,27.5,72.5,100.0,59.8,40.2,100.0,48.4,51.6,100.0,42.5,57.5,100.0,78.9,83.0,80.9,83.8,79.9,81.9,65.5,67.0,66.3,76.3,61.3,68.8,58.0,55.8,56.9,87.1,89.9,88.5,91.4,91.0,91.2,"3,822,612","3,740,020","7,562,632",50.5%,49.5%,100.0%,SE,Sweden,No,No,No,Yes,Protestant,Northern,2012
SI,66.1,71.3,83.7,60.7,81.3,68.3,96.7,54.9,67.1,45.0,72.4,72.3,72.4,51.5,46.3,56.4,52.3,87.3,87.9,75.9,99.8,,44.8,56.7,50.6,32.1,34.9,33.6,25.3,5.2,14.5,25.1,31.8,28.5,61.5,60.4,61.0,"1,709","1,795","1,755","15,149","15,514","15,329",85.2,87.8,86.5,28.6,29.0,28.8,24.0,18.4,21.2,21.3,18.9,20.2,36.2,15.2,27.3,36.8,28.1,32.6,79.4,32.0,56.3,41.4,42.7,42.0,16.7,27.7,22.6,27.1,72.9,100.0,21.5,78.5,100.0,22.0,78.0,100.0,17.3,82.7,100.0,40.0,60.0,100.0,42.9,57.1,100.0,30.8,69.2,100.0,6.0,94.0,100.0,59.7,66.7,63.1,83.3,77.1,80.2,55.6,56.5,56.1,72.2,54.0,63.3,37.0,45.6,41.3,99.7,99.6,99.6,98.7,98.6,98.6,"866,461","835,053","1,701,515",50.9%,49.1%,100.0%,SI,Slovenia,Yes,No,Yes,Yes,Catholic,Central,2012
SK,52.4,64.9,78.8,53.4,72.1,53.9,96.4,59.6,58.8,60.3,43.4,62.5,30.2,25.4,28.4,23.7,24.4,85.0,86.1,73.1,97.5,,42.3,58.4,50.0,29.7,35.6,32.8,25.3,4.6,13.7,11.0,15.1,13.0,66.8,65.7,66.2,"1,024","1,292","1,161","10,658","11,093","10,867",87.9,88.2,88.1,27.9,27.2,27.5,16.8,14.6,15.8,13.4,12.6,13.0,47.1,24.1,37.8,37.5,22.5,30.3,59.3,19.3,40.2,10.6,19.9,15.2,7.1,3.2,4.9,11.6,88.4,100.0,17.3,82.7,100.0,15.3,84.7,100.0,16.8,83.2,100.0,7.7,92.3,100.0,16.7,83.3,100.0,11.1,88.9,100.0,10.1,89.9,100.0,60.7,71.0,65.6,79.9,72.5,76.2,53.1,53.4,53.3,75.6,53.2,64.8,33.0,39.7,36.2,93.9,94.9,94.4,96.1,95.8,95.9,"2,275,060","2,107,833","4,382,893",51.9%,48.1%,100.0%,SK,Slovakia,Yes,No,Yes,Yes,Catholic,Central,2012
UK,68.9,75.4,81.6,69.6,80.5,75.1,86.3,73.5,81.7,66.0,73.2,80.8,66.3,42.0,45.7,23.0,70.2,93.7,94.3,88.5,98.4,,41.0,58.6,49.2,35.2,41.1,38.2,38.3,10.8,23.6,29.7,36.5,33.4,67.1,69.2,68.1,"2,284","3,103","2,698","19,227","19,941","19,575",84.2,84.4,84.3,20.7,18.5,19.6,34.5,33.1,33.8,21.5,19.6,20.6,52.6,28.5,42.1,38.5,25.9,32.4,84.6,57.3,71.3,33.4,35.8,34.7,15.6,12.7,14.1,17.5,82.5,100.0,22.3,77.7,100.0,31.0,69.0,100.0,17.7,82.3,100.0,5.7,94.3,100.0,39.4,60.6,100.0,54.5,45.5,100.0,20.9,79.1,100.0,73.2,76.4,74.7,82.8,79.1,81.0,64.5,64.6,64.6,73.6,58.5,66.6,55.0,55.4,55.2,97.0,97.5,97.3,96.0,96.1,96.1,"25,701,254","24,284,230","49,985,484",51.4%,48.6%,100.0%,UK,United Kingdom,No,No,No,No,Protestant,Western,2012
AT,63.3,76.1,81.4,71.2,85.9,79.8,92.5,63.2,72.0,55.5,61.2,62.7,59.7,34.9,59.1,17.4,41.1,91.7,91.3,84.6,99.8,,41.0,59.4,49.5,34.5,38.8,36.7,26.8,8.2,17.0,35.5,36.4,35.9,65.4,64.3,64.9,"2,235","2,947","2,652","24,393","25,997","25,171",86.4,87.4,86.9,25.5,23.9,24.7,23.4,27.8,25.5,19.7,18.4,19.1,41.3,21.2,31.9,35.6,20.8,28.4,83.3,28.4,56.8,24.6,25.3,24.9,11.6,14.8,13.1,29.7,70.3,100.0,30.6,69.4,100.0,31.7,68.3,100.0,17.5,82.5,100.0,0.0,100.0,100.0,30.2,69.8,100.0,20.0,80.0,100.0,13.6,86.4,100.0,68.0,71.9,69.8,83.7,78.8,81.3,58.1,57.9,58.0,65.3,53.3,59.4,51.5,54.7,53.1,99.3,99.4,99.3,99.0,99.0,99.0,"3,657,800","3,435,520","7,093,320",51.6%,48.4%,100.0%,AT,Austria,No,No,Yes,Yes,Catholic,Central,2015
BE,70.5,73.8,77.5,70.2,87.5,82.7,92.6,71.1,73.3,68.9,65.3,68.9,61.9,53.4,70.2,38.0,57.1,86.3,93.3,70.3,98.0,,37.4,51.6,43.9,30.4,34.6,32.6,38.9,11.0,24.0,29.5,33.2,31.5,66.5,66.2,66.4,"2,771","3,108","2,959","21,238","22,713","21,959",84.7,86.7,85.7,27.0,25.0,26.0,30.7,28.2,29.5,14.4,14.3,14.3,55.7,30.8,44.7,43.1,28.7,36.1,81.2,32.5,57.5,32.3,38.7,35.7,9.5,9.9,9.7,25.2,74.8,100.0,41.4,58.6,100.0,41.7,58.3,100.0,24.2,75.8,100.0,14.8,85.2,100.0,40.0,60.0,100.0,36.4,63.6,100.0,11.7,88.3,100.0,71.4,77.9,74.6,83.4,78.7,81.1,64.0,64.4,64.2,68.3,50.1,59.5,29.5,36.4,32.9,96.8,97.4,97.1,94.5,94.7,94.6,"4,597,186","4,359,690","8,956,876",51.3%,48.7%,100.0%,BE,Belgium,No,No,Yes,Yes,Catholic,Western,2015
BG,58.0,68.6,82.7,56.9,61.9,48.2,79.5,53.3,56.1,50.7,42.7,55.7,32.6,56.0,49.2,53.2,67.0,76.4,88.1,52.3,96.9,,43.9,53.7,48.6,30.7,33.4,32.1,19.8,4.1,11.5,20.3,31.3,25.8,62.3,65.6,63.9,830,970,900,"8,188","8,829","8,497",76.5,80.8,78.6,14.9,14.4,14.6,25.8,18.4,22.2,8.6,8.8,8.7,29.6,16.5,23.7,38.5,25.8,32.4,72.9,13.0,44.1,11.7,19.5,15.6,2.9,2.4,2.7,30.6,69.4,100.0,21.1,78.9,100.0,25.6,74.4,100.0,17.5,82.5,100.0,38.1,61.9,100.0,44.4,55.6,100.0,63.3,36.7,100.0,20.2,79.8,100.0,61.7,69.4,65.4,78.2,71.2,74.7,65.0,61.5,63.3,67.5,46.7,57.9,9.4,18.2,13.5,93.3,93.8,93.5,93.7,93.9,93.8,"3,124,248","2,892,703","6,016,950",51.9%,48.1%,100.0%,BG,Bulgaria,Yes,No,No,No,Orthodox,Southeastern,2015
CY,55.1,70.7,84.7,59.0,79.2,72.1,87.1,58.5,73.3,46.6,51.3,65.7,40.0,24.7,25.8,22.6,25.8,88.2,95.5,73.0,98.4,,45.1,53.9,49.3,33.7,39.0,36.4,19.6,6.9,13.1,17.5,18.5,18.0,50.8,53.0,51.9,"1,845","2,244","2,043","18,834","19,324","19,069",83.1,84.9,84.0,18.9,18.8,18.8,34.6,29.7,32.3,15.3,14.3,14.8,39.5,16.5,29.6,50.1,34.1,42.4,80.8,26.6,54.8,9.7,21.7,15.8,8.8,8.0,8.4,8.3,91.7,100.0,14.1,85.9,100.0,17.8,82.2,100.0,9.2,90.8,100.0,14.3,85.7,100.0,25.0,75.0,100.0,11.1,88.9,100.0,4.0,96.0,100.0,79.0,81.3,80.2,83.7,79.9,81.8,63.4,63.1,63.3,81.4,53.9,68.4,33.0,38.6,35.7,97.9,98.0,97.9,94.8,95.0,94.9,"354,340","327,079","681,419",52.0%,48.0%,100.0%,CY,Cyprus,No,No,Yes,No,Orthodox,Southeastern,2015
CZ,53.6,66.1,81.8,53.5,75.9,58.8,98.1,57.3,66.9,49.2,57.3,56.8,57.7,22.6,36.6,9.2,34.2,86.0,89.6,72.3,98.2,,46.0,64.5,55.0,31.9,38.2,35.1,24.1,5.1,13.4,11.0,10.6,10.8,65.4,60.9,63.1,"1,244","1,624","1,452","12,792","13,570","13,167",89.9,92.6,91.2,29.1,29.9,29.3,18.0,17.9,17.9,16.7,16.0,16.3,40.0,17.6,30.4,33.2,19.8,26.7,67.4,15.8,42.3,22.6,27.8,25.2,12.3,11.3,11.8,17.2,82.8,100.0,19.6,80.4,100.0,19.7,80.3,100.0,8.7,91.3,100.0,0.0,100.0,100.0,30.0,70.0,100.0,15.3,84.7,100.0,7.2,92.8,100.0,59.6,63.4,61.2,81.6,75.7,78.7,63.7,62.4,63.1,72.7,54.2,63.8,30.1,37.5,33.6,95.2,95.6,95.4,97.3,97.1,97.2,"4,447,546","4,214,360","8,661,907",51.3%,48.7%,100.0%,CZ,Czech Republic,Yes,No,No,Yes,Catholic,Central,2015
DE,65.5,71.4,81.9,62.2,84.2,81.2,87.4,52.9,61.0,45.9,65.0,71.3,59.3,53.0,71.5,42.1,49.5,90.5,91.8,80.9,99.7,,40.2,58.9,49.1,35.8,40.1,38.0,30.9,9.1,19.3,15.8,18.2,17.0,67.9,65.5,66.7,"2,602","3,354","3,001","22,651","24,067","23,336",82.2,83.8,83.0,20.8,19.8,20.3,18.5,27.3,22.8,13.6,15.0,14.3,40.7,17.1,28.4,25.5,18.7,22.2,72.3,29.1,51.3,21.8,25.2,23.5,15.8,13.3,14.5,41.7,58.3,100.0,36.7,63.3,100.0,32.0,68.0,100.0,25.7,74.3,100.0,17.6,82.4,100.0,36.6,63.4,100.0,23.7,76.3,100.0,16.1,83.9,100.0,63.1,66.0,64.5,83.1,78.3,80.7,67.5,65.3,66.4,63.3,46.6,55.1,50.8,53.1,51.9,99.1,99.0,99.1,98.9,98.8,98.9,"35,008,683","33,200,470","68,209,153",51.3%,48.7%,100.0%,DE,Germany,Split,No,Yes,Yes,Split Catholic and Protestant,Central,2015
DK,76.8,79.2,87.2,72.0,86.6,82.4,91.1,73.6,82.1,66.0,83.1,86.1,80.2,61.5,71.2,55.7,58.7,89.6,91.6,81.7,96.2,,45.2,57.1,50.9,37.5,40.9,39.2,42.1,13.4,26.9,31.8,50.1,41.4,72.9,70.4,71.7,"2,719","3,347","3,014","22,339","23,010","22,670",87.7,86.9,87.3,25.0,22.6,23.8,31.3,25.5,28.4,43.2,32.7,37.9,52.6,28.4,42.2,25.0,21.3,23.2,82.3,55.0,68.9,52.8,50.5,51.6,17.3,20.3,18.9,32.4,67.6,100.0,37.7,62.3,100.0,38.3,61.7,100.0,25.5,74.5,100.0,31.0,69.0,100.0,37.0,63.0,100.0,35.1,64.9,100.0,17.1,82.9,100.0,70.1,73.0,71.5,82.7,78.8,80.8,57.6,60.4,59.0,60.7,43.7,52.3,68.2,59.1,63.6,93.0,92.9,92.9,94.8,92.5,93.7,"2,279,774","2,213,367","4,493,141",50.7%,49.3%,100.0%,DK,Denmark,No,No,No,Yes,Protestant,Northern,2015
EE,56.7,72.1,88.6,58.7,66.7,56.4,79.0,53.2,67.9,41.7,74.7,85.9,65.0,28.2,44.9,23.2,21.4,81.5,84.1,70.1,91.9,,49.5,63.8,56.0,36.4,37.6,37.0,26.0,5.6,15.6,15.4,15.8,15.6,64.8,65.8,65.3,"1,199","1,692","1,409","12,138","12,885","12,480",75.7,80.6,77.9,17.4,15.0,16.2,41.4,25.0,33.5,17.0,16.0,16.5,41.0,14.4,30.0,34.6,31.0,32.9,75.8,47.4,62.8,33.5,38.4,35.7,12.5,11.4,12.0,21.8,78.2,100.0,22.9,77.1,100.0,31.1,68.9,100.0,7.8,92.2,100.0,18.2,81.8,100.0,0.0,100.0,100.0,25.0,75.0,100.0,10.5,89.5,100.0,50.0,53.5,51.4,82.2,73.2,77.7,56.2,53.8,55.0,74.0,43.2,58.2,35.4,35.8,35.6,83.7,87.4,85.4,87.0,89.1,88.0,"580,931","489,488","1,070,419",54.3%,45.7%,100.0%,EE,Estonia,Yes,Yes,Yes,Yes,Protestant,Central,2015
EL,50.0,64.2,71.0,58.0,70.7,61.4,81.4,55.6,63.9,48.4,44.7,50.9,39.3,21.7,34.7,12.1,24.2,83.1,93.4,66.6,92.3,,29.8,45.5,37.3,28.9,35.6,32.3,22.3,8.1,14.1,14.4,16.1,15.4,52.2,51.0,51.6,"1,754","2,134","1,954","10,125","10,414","10,265",79.5,79.4,79.5,16.6,15.1,15.8,21.2,22.0,21.6,10.5,10.6,10.5,36.8,17.4,26.8,38.2,20.2,29.6,85.3,16.0,52.0,11.0,17.6,14.7,6.6,5.7,6.1,14.3,85.7,100.0,20.6,79.4,100.0,19.7,80.3,100.0,9.3,90.7,100.0,2.8,97.2,100.0,11.1,88.9,100.0,18.2,81.8,100.0,8.4,91.6,100.0,71.8,77.2,74.4,83.7,78.5,81.1,64.1,63.9,64.0,70.4,54.2,62.8,19.8,24.7,22.2,84.8,86.8,85.8,85.6,86.3,86.0,"4,660,372","4,295,845","8,956,217",52.0%,48.0%,100.0%,EL,Greece,No,No,Yes,Yes,Orthodox,Southeastern,2015
ES,68.3,72.4,78.0,67.3,75.9,71.0,81.2,65.3,73.3,58.1,64.0,74.5,55.0,57.0,72.3,43.5,58.9,89.6,93.2,78.6,98.3,,35.7,49.7,42.4,32.5,37.2,34.9,23.4,7.4,14.7,32.9,35.3,34.2,57.3,56.1,56.8,"1,937","2,345","2,150","16,791","17,123","16,952",79.5,78.8,79.2,15.6,14.8,15.2,28.1,26.9,27.5,15.5,15.0,15.3,47.7,23.7,36.5,39.8,27.7,33.9,84.5,41.9,63.8,39.3,45.5,42.6,5.7,3.8,4.7,28.7,71.3,100.0,38.4,61.6,100.0,44.7,55.3,100.0,18.2,81.8,100.0,26.7,73.3,100.0,44.4,55.6,100.0,33.3,66.7,100.0,13.1,86.9,100.0,69.6,75.3,72.4,85.8,80.1,83.0,64.1,63.9,64.0,75.9,61.6,68.9,36.1,46.0,40.9,98.8,98.7,98.8,93.7,94.2,94.0,"19,584,375","18,537,066","38,121,442",51.4%,48.6%,100.0%,ES,Spain,No,No,Yes,Yes,Catholic,Southern,2015
EU-28,66.2,71.5,79.8,64.0,79.6,73.0,86.7,63.4,72.1,55.6,65.7,70.0,61.6,48.5,52.7,39.5,55.0,87.4,91.2,75.4,97.1,,39.6,55.8,47.2,32.8,37.9,35.4,30.4,8.3,18.5,22.8,27.3,25.1,63.7,62.6,63.2,"2,266","2,831","2,560","16,469","17,196","16,820",82.9,83.9,83.4,19.8,18.8,19.3,24.3,23.9,24.1,16.9,16.1,16.6,42.8,21.4,33.0,37.5,24.7,31.3,78.7,33.7,57.0,27.5,31.9,29.8,12.2,11.4,11.8,26.8,73.2,100.0,27.7,72.3,100.0,28.0,72.0,100.0,21.7,78.3,100.0,19.4,80.6,100.0,39.9,60.1,100.0,32.2,67.8,100.0,13.6,86.4,100.0,64.4,69.6,66.9,83.3,77.9,80.6,63.3,62.6,63.0,72.4,52.2,62.8,36.1,40.1,38.0,94.5,95.4,95.0,93.7,94.0,93.9,"213,784,337","199,340,866","413,125,203",51.7%,48.3%,100.0%,EU-28,European Union,,,,,,,2015
FI,73.0,74.7,89.2,62.6,86.4,78.5,95.2,61.3,81.4,46.1,77.4,82.2,72.9,65.3,84.8,47.6,68.9,89.7,91.1,81.9,96.8,,46.3,53.6,49.7,37.2,38.1,37.6,40.1,8.6,23.9,26.7,50.7,38.5,66.7,65.4,66.1,"2,381","2,952","2,642","21,211","21,994","21,592",87.0,87.1,87.0,27.9,26.5,27.2,35.8,29.1,32.5,33.1,26.7,29.9,51.3,18.4,36.0,36.3,26.3,31.4,85.7,57.2,71.8,60.1,44.5,52.4,14.9,15.9,15.4,45.2,54.8,100.0,41.8,58.2,100.0,43.7,56.3,100.0,29.5,70.5,100.0,19.4,80.6,100.0,46.7,53.3,100.0,38.0,62.0,100.0,21.6,78.4,100.0,69.3,70.3,69.8,84.4,78.7,81.6,56.3,59.4,57.9,69.9,45.7,58.4,60.1,56.9,58.6,93.8,95.7,94.7,93.7,94.0,93.9,"2,253,295","2,141,738","4,395,033",51.3%,48.7%,100.0%,FI,Finland,No,No,Yes,Yes,Protestant,Northern,2015
FR,72.6,72.1,82.3,63.2,86.1,80.4,92.3,66.1,77.5,56.4,67.3,70.4,64.4,68.2,77.1,70.2,58.4,87.1,91.6,74.0,97.6,,41.4,52.6,46.5,33.0,36.6,34.9,35.2,10.1,22.2,17.9,22.1,20.0,66.7,63.8,65.3,"2,310","2,818","2,577","23,422","24,171","23,780",87.1,88.2,87.6,23.0,22.8,22.9,27.8,25.8,26.8,24.2,21.6,23.0,42.0,21.6,32.7,45.6,29.4,37.9,79.6,35.6,58.6,32.1,39.0,35.6,12.3,14.1,13.2,47.6,52.4,100.0,25.8,74.2,100.0,48.3,51.7,100.0,34.8,65.2,100.0,39.4,60.6,100.0,36.8,63.2,100.0,34.5,65.5,100.0,21.5,78.5,100.0,65.6,70.3,67.8,85.5,79.2,82.4,64.6,62.6,63.6,69.7,54.2,62.2,32.0,38.7,35.2,96.4,96.4,96.4,93.4,93.9,93.7,"27,033,563","24,613,458","51,647,021",52.3%,47.7%,100.0%,FR,France,No,No,Yes,Yes,Catholic,Western,2015
HR,53.1,69.4,78.5,61.4,69.9,57.1,85.6,49.8,59.3,41.8,51.0,54.4,47.9,28.5,38.7,19.0,31.6,83.3,86.4,68.3,97.8,,37.5,48.9,42.9,30.7,34.5,32.6,24.1,5.4,14.0,25.1,29.4,27.3,61.0,59.8,60.4,"1,364","1,460","1,416","9,147","9,487","9,309",79.4,80.8,80.1,19.3,18.6,19.0,19.4,17.5,18.5,11.3,10.4,10.9,33.1,13.4,24.5,34.9,21.3,28.4,62.4,11.9,38.2,12.5,19.1,15.9,10.8,10.3,10.5,16.4,83.6,100.0,22.9,77.1,100.0,22.3,77.7,100.0,19.7,80.3,100.0,0.0,100.0,100.0,28.6,71.4,100.0,14.3,85.7,100.0,7.3,92.7,100.0,55.6,60.9,58.2,80.5,74.4,77.5,56.8,55.3,56.1,72.5,57.2,65.3,21.1,28.0,24.4,94.3,95.4,94.8,97.0,96.8,96.9,"1,813,204","1,645,751","3,458,955",52.4%,47.6%,100.0%,HR,Croatia,Yes,No,No,No,Catholic,Central,2015
HU,50.8,67.2,79.6,56.7,70.7,55.2,90.5,56.9,64.6,50.0,54.3,65.0,45.4,18.7,14.3,22.1,20.9,86.0,85.8,76.8,96.5,,42.6,58.0,49.8,30.0,34.9,32.6,24.1,5.6,14.1,16.5,13.4,15.0,63.5,64.4,64.0,"1,285","1,524","1,410","8,986","9,296","9,131",86.9,85.6,86.3,24.7,22.4,23.6,20.7,18.0,19.4,14.7,15.1,14.9,38.9,18.1,29.4,30.1,24.5,27.5,55.8,13.8,36.3,16.6,12.5,14.6,11.3,8.7,10.0,1.5,98.5,100.0,9.7,90.3,100.0,11.3,88.7,100.0,12.7,87.3,100.0,11.1,88.9,100.0,0.0,100.0,100.0,24.0,76.0,100.0,9.4,90.6,100.0,53.3,59.6,56.2,79.0,72.3,75.7,60.1,58.2,59.2,75.7,59.4,68.1,32.7,37.7,35.1,92.7,92.0,92.4,93.8,93.6,93.7,"4,319,911","3,810,575","8,130,486",53.1%,46.9%,100.0%,HU,Hungary,Yes,No,No,Yes,Catholic,Central,2015
IE,69.5,73.9,78.3,69.7,84.7,81.0,88.6,66.4,74.1,59.6,74.2,76.2,72.1,48.6,39.8,39.9,72.4,90.6,96.8,79.0,97.3,,40.9,57.0,48.4,30.9,38.9,35.0,34.9,8.3,20.5,37.1,43.4,40.4,64.1,64.6,64.3,"2,808","3,423","3,090","20,098","20,847","20,464",84.0,84.0,84.0,20.5,19.9,20.2,36.4,30.9,33.7,14.4,14.1,14.2,49.7,25.1,37.5,44.1,30.5,37.5,88.7,48.0,68.9,40.4,48.4,44.6,15.4,17.9,16.7,19.7,80.3,100.0,20.9,79.1,100.0,20.4,79.6,100.0,13.7,86.3,100.0,27.0,73.0,100.0,50.0,50.0,100.0,44.9,55.1,100.0,16.2,83.8,100.0,81.7,82.9,82.3,83.4,79.6,81.5,67.9,66.6,67.3,65.8,46.5,56.3,48.4,47.2,47.8,96.3,97.1,96.7,93.2,94.4,93.8,"1,764,286","1,685,945","3,450,231",51.1%,48.9%,100.0%,IE,Ireland,No,No,Yes,No,Catholic,Western,2015
IT,62.1,62.4,66.7,58.4,78.6,73.0,84.6,61.4,56.1,67.1,59.3,61.2,57.4,45.3,47.4,44.7,43.7,86.3,91.3,74.2,94.8,,30.0,50.3,39.5,25.7,35.4,30.7,25.4,7.0,14.7,19.3,22.0,20.8,55.7,51.9,54.0,"2,134","2,589","2,388","17,284","18,279","17,762",80.2,82.5,81.3,17.8,17.4,17.6,14.1,12.2,13.2,12.5,12.3,12.4,44.5,27.4,37.0,34.1,24.0,29.3,80.9,19.7,51.6,23.6,28.2,26.1,12.8,10.8,11.7,27.2,72.8,100.0,30.2,69.8,100.0,17.3,82.7,100.0,26.7,73.3,100.0,20.4,79.6,100.0,70.0,30.0,100.0,26.9,73.1,100.0,8.2,91.8,100.0,62.6,68.9,65.6,84.9,80.3,82.6,62.7,62.6,62.7,79.9,65.6,73.1,24.5,30.4,27.3,91.4,92.9,92.1,88.4,89.4,88.9,"26,372,718","24,287,825","50,660,543",52.1%,47.9%,100.0%,IT,Italy,No,No,Yes,Yes,Catholic,Southern,2015
LT,56.8,73.2,88.2,60.7,65.6,53.5,80.4,55.8,68.4,45.4,50.6,64.0,40.0,36.6,40.0,30.1,40.9,79.1,78.5,64.8,97.5,,48.6,57.7,52.6,35.1,34.5,34.8,26.5,6.4,16.6,19.0,21.0,19.9,63.2,61.9,62.5,"1,036","1,228","1,125","10,132","10,756","10,414",78.0,80.0,78.9,14.6,14.2,14.6,33.3,25.2,29.6,14.0,14.9,14.4,36.5,15.4,27.6,41.3,24.2,33.6,79.0,28.8,56.4,13.5,17.9,15.5,5.2,4.4,4.9,21.0,79.0,100.0,23.8,76.2,100.0,24.6,75.4,100.0,14.8,85.2,100.0,20.0,80.0,100.0,32.1,67.9,100.0,27.8,72.2,100.0,10.4,89.6,100.0,38.4,49.2,42.6,79.7,69.2,74.5,58.8,54.1,56.5,81.5,45.0,65.0,27.6,33.6,30.3,95.2,96.4,95.7,95.1,96.0,95.5,"1,318,013","1,074,644","2,392,657",55.1%,44.9%,100.0%,LT,Lithuania,Yes,Yes,Yes,Yes,Catholic,Central,2015
LU,69.0,74.0,81.3,67.4,94.4,97.0,92.0,69.4,84.1,57.2,69.1,79.4,60.2,43.5,51.1,23.5,68.2,89.0,92.0,78.5,97.7,,44.4,60.2,52.0,31.0,35.8,33.5,27.9,9.8,18.1,22.7,30.0,26.5,72.5,70.1,71.3,"3,322","3,601","3,492","32,772","34,152","33,457",85.5,86.5,86.0,24.1,23.3,23.7,31.1,34.6,32.9,24.2,24.7,24.4,41.5,22.2,32.0,41.5,35.6,38.5,78.3,38.6,58.5,36.8,45.8,41.5,10.4,22.2,16.5,25.9,74.1,100.0,28.2,71.8,100.0,22.2,77.8,100.0,11.8,88.2,100.0,11.1,88.9,100.0,55.6,44.4,100.0,40.7,59.3,100.0,16.8,83.2,100.0,68.4,72.3,70.4,84.7,80.0,82.4,60.6,63.7,62.2,65.1,45.6,55.3,48.0,51.5,49.7,95.5,94.8,95.1,97.4,96.1,96.8,"225,806","223,939","449,745",50.2%,49.8%,100.0%,LU,Luxembourg,No,No,Yes,Yes,Catholic,Central,2015
LV,57.9,73.6,87.8,61.8,64.3,51.9,79.5,48.9,59.1,40.5,65.8,89.8,48.2,39.0,40.5,44.2,33.2,78.4,79.8,65.5,92.3,,48.1,59.6,53.2,35.0,35.4,35.2,25.8,5.1,15.5,24.9,26.0,25.4,60.7,62.7,61.8,"1,047","1,283","1,149","9,261","10,082","9,627",74.8,80.7,77.5,16.3,15.2,15.8,33.7,19.6,27.1,13.9,12.2,13.1,35.7,13.1,26.6,39.9,38.0,39.0,81.7,56.6,70.5,17.4,22.6,19.9,8.5,7.4,7.9,25.5,74.5,100.0,18.7,81.3,100.0,26.3,73.7,100.0,30.2,69.8,100.0,21.1,78.9,100.0,36.4,63.6,100.0,6.7,93.3,100.0,14.1,85.9,100.0,42.2,51.3,46.2,79.5,69.7,74.6,54.1,51.8,53.0,76.4,43.5,61.9,28.7,34.0,31.1,87.8,88.7,88.2,84.1,82.7,83.4,"904,824","731,751","1,636,575",55.3%,44.7%,100.0%,LV,Latvia,Yes,Yes,Yes,Yes,Split Catholic and Protestant,Central,2015
MT,60.1,71.0,68.9,73.1,82.4,73.3,92.8,65.2,61.3,69.5,64.2,69.0,59.8,27.4,30.5,24.4,27.5,91.8,95.6,81.7,99.0,,35.4,61.8,48.4,26.7,39.9,33.4,32.1,10.3,18.8,36.5,37.8,37.3,67.0,69.0,67.8,"1,932","2,266","2,127","18,687","19,282","18,984",84.4,85.4,84.9,24.7,24.3,24.5,16.0,15.6,15.8,12.8,12.9,12.8,49.5,29.8,40.8,42.3,24.9,33.7,80.5,37.3,59.1,25.4,26.2,25.9,10.0,10.7,10.4,10.1,89.9,100.0,13.1,86.9,100.0,22.0,78.0,100.0,3.8,96.2,100.0,20.0,80.0,100.0,15.4,84.6,100.0,16.7,83.3,100.0,8.6,91.4,100.0,70.0,71.7,70.8,84.0,79.7,81.9,74.6,72.6,73.6,70.0,56.3,63.2,42.7,45.1,43.9,97.8,98.2,98.0,97.4,97.5,97.4,"178,150","176,029","354,178",50.3%,49.7%,100.0%,MT,Malta,No,No,Yes,Yes,Catholic,Southern,2015
NL,72.9,76.7,79.2,74.3,86.8,79.1,95.4,67.3,80.9,56.0,83.9,79.3,88.7,52.9,70.6,33.1,63.4,89.9,91.7,79.3,99.9,,35.4,57.1,45.4,37.2,42.5,39.9,36.7,9.8,22.2,48.5,56.3,52.6,62.4,61.0,61.7,"2,398","3,029","2,721","21,609","22,330","21,965",89.0,88.9,88.9,26.3,25.7,26.0,26.5,29.2,27.8,24.3,24.6,24.4,40.0,21.2,31.0,38.5,28.2,33.5,81.4,47.4,64.7,56.0,58.3,57.2,22.3,22.3,22.3,37.9,62.1,100.0,37.2,62.8,100.0,32.7,67.3,100.0,25.7,74.3,100.0,7.7,92.3,100.0,33.3,66.7,100.0,37.8,62.2,100.0,25.6,74.4,100.0,72.6,80.1,76.2,83.2,79.9,81.6,57.2,61.1,59.2,72.2,58.4,65.4,37.0,41.0,38.9,99.7,99.6,99.6,99.4,99.2,99.3,"6,853,925","6,619,595","13,473,520",50.9%,49.1%,100.0%,NL,Netherlands,No,No,Yes,Yes,Split Catholic and Protestant,Western,2015
PL,56.8,66.8,79.5,56.2,73.3,61.4,87.5,56.0,61.3,51.1,52.5,64.1,43.0,35.1,46.1,38.2,24.4,82.2,86.6,67.9,94.5,,43.2,59.8,51.1,29.9,35.2,32.6,24.2,4.9,13.6,16.1,18.8,17.4,59.2,60.1,59.7,"1,577","1,916","1,755","11,389","11,604","11,492",83.4,82.8,83.1,21.5,19.8,20.7,25.1,19.2,22.3,12.0,11.7,11.9,37.3,17.9,29.4,47.0,25.0,36.5,81.7,33.5,58.7,16.9,21.3,19.0,6.5,4.7,5.7,24.9,75.1,100.0,23.6,76.4,100.0,24.7,75.3,100.0,18.2,81.8,100.0,22.2,77.8,100.0,21.0,79.0,100.0,14.7,85.3,100.0,2.6,97.4,100.0,54.7,61.5,57.8,81.6,73.5,77.6,63.2,60.1,61.7,74.5,51.9,64.1,23.4,26.2,24.7,86.3,88.2,87.2,92.3,92.3,92.3,"16,250,331","14,857,879","31,108,210",52.2%,47.8%,100.0%,PL,Poland,Yes,No,No,Yes,Catholic,Central,2015
PT,56.0,72.0,85.4,60.8,70.9,60.3,83.5,54.8,59.5,50.6,47.5,63.3,35.7,33.9,48.7,16.4,48.9,83.6,82.6,75.5,93.9,,43.6,53.4,48.2,35.3,38.3,36.8,28.3,6.7,17.2,23.4,28.3,25.7,57.0,55.6,56.3,"1,398","1,670","1,528","12,120","12,691","12,387",80.8,82.1,81.4,17.2,16.4,16.8,19.6,14.3,17.1,14.9,16.2,15.5,40.5,18.7,30.3,36.5,28.1,32.5,78.1,18.8,50.4,10.3,19.6,14.7,6.9,5.1,6.1,22.9,77.1,100.0,32.5,67.5,100.0,24.3,75.7,100.0,11.7,88.3,100.0,5.9,94.1,100.0,33.3,66.7,100.0,33.3,66.7,100.0,13.2,86.8,100.0,41.8,51.5,46.4,84.3,78.1,81.2,55.0,58.2,56.6,84.5,62.6,74.3,29.7,35.0,32.2,95.1,95.7,95.4,81.2,82.4,81.8,"4,561,588","3,992,640","8,554,228",53.3%,46.7%,100.0%,PT,Portugal,No,No,Yes,Yes,Catholic,Southern,2015
RO,52.4,67.1,77.5,58.1,59.4,45.7,77.3,51.8,52.9,50.7,50.3,70.7,35.8,33.2,32.9,21.4,51.8,70.4,88.6,42.5,92.9,,40.8,57.9,49.1,29.4,36.0,32.8,15.6,3.5,8.7,18.2,20.2,19.2,67.1,66.0,66.6,953,"1,003",980,"5,108","5,323","5,212",76.7,77.2,76.9,13.4,12.3,12.8,13.1,13.1,13.1,8.3,8.8,8.5,30.9,16.8,24.4,45.8,25.0,35.8,75.3,40.6,58.5,6.3,8.4,7.4,6.1,7.6,6.9,23.8,76.2,100.0,12.0,88.0,100.0,15.3,84.7,100.0,10.8,89.2,100.0,11.1,88.9,100.0,73.3,26.7,100.0,40.5,59.5,100.0,10.6,89.4,100.0,65.3,74.8,69.9,78.7,71.5,75.1,59.4,59.0,59.2,73.4,36.2,55.4,7.4,16.3,11.7,86.1,91.0,88.5,88.8,90.5,89.6,"8,342,875","7,783,462","16,126,336",51.7%,48.3%,100.0%,RO,Romania,Yes,No,No,No,Orthodox,Southeastern,2015
SE,82.6,82.6,95.4,71.5,87.5,82.3,93.1,72.8,78.5,67.5,90.1,90.9,89.3,79.5,93.9,60.8,87.8,94.1,97.4,89.3,95.8,,57.0,65.4,60.9,40.1,42.2,41.2,42.8,11.8,26.6,34.9,47.1,41.3,68.1,66.7,67.4,"2,626","3,085","2,850","22,474","23,421","22,940",83.7,86.3,84.9,26.2,25.4,25.7,38.3,27.7,32.9,40.5,28.3,34.3,53.4,29.2,43.5,29.5,26.7,28.1,73.6,56.1,64.9,51.0,55.0,53.1,27.2,29.8,28.5,51.2,48.8,100.0,44.1,55.9,100.0,48.3,51.7,100.0,31.7,68.3,100.0,29.4,70.6,100.0,59.8,40.2,100.0,51.5,48.5,100.0,42.5,57.5,100.0,77.0,82.3,79.7,84.1,80.4,82.3,73.8,74.0,73.9,76.3,61.3,68.8,58.0,55.8,56.9,90.4,92.0,91.2,94.8,93.4,94.1,"3,910,212","3,849,921","7,760,133",50.4%,49.6%,100.0%,SE,Sweden,No,No,No,Yes,Protestant,Northern,2015
SI,68.4,71.8,83.5,61.7,81.6,69.8,95.5,55.0,67.4,44.9,72.9,69.5,76.4,60.6,65.4,61.5,55.3,87.7,89.1,75.9,99.8,,43.9,56.4,50.0,32.8,35.7,34.3,26.4,6.1,15.3,25.1,31.8,28.5,61.5,60.4,61.0,"1,845","2,021","1,938","15,824","16,575","16,194",84.0,87.3,85.6,27.6,27.8,27.6,27.2,21.1,24.2,18.4,16.6,17.5,39.2,15.6,29.3,35.2,27.5,31.4,81.0,27.5,54.7,41.4,42.7,42.0,18.0,21.5,19.8,41.3,58.7,100.0,26.7,73.3,100.0,31.8,68.2,100.0,22.5,77.5,100.0,40.0,60.0,100.0,42.9,57.1,100.0,35.3,64.7,100.0,6.0,94.0,100.0,61.6,68.1,64.8,83.9,77.8,80.9,57.7,58.5,58.1,72.2,54.0,63.3,37.0,45.6,41.3,99.7,99.5,99.6,98.9,99.1,99.0,"865,908","836,767","1,702,675",50.9%,49.1%,100.0%,SI,Slovenia,Yes,No,Yes,Yes,Catholic,Central,2015
SK,52.4,65.5,80.6,53.2,74.0,56.4,97.2,60.0,58.8,61.2,46.3,56.5,37.9,23.1,29.0,14.6,29.1,85.3,87.4,73.1,97.3,,43.5,59.6,51.3,30.9,35.9,33.5,27.4,4.6,14.7,11.0,15.1,13.0,66.8,65.7,66.2,"1,210","1,527","1,372","10,871","11,231","11,045",89.6,89.2,89.4,30.8,28.5,29.6,18.7,16.4,17.6,12.0,11.1,11.5,47.7,24.6,38.4,35.3,19.2,27.5,59.5,15.7,38.6,10.6,19.9,15.2,8.6,6.3,7.4,10.2,89.8,100.0,19.9,80.1,100.0,15.0,85.0,100.0,14.7,85.3,100.0,0.0,100.0,100.0,16.7,83.3,100.0,18.5,81.5,100.0,10.1,89.9,100.0,62.3,69.7,65.9,80.2,73.1,76.7,55.1,54.8,55.0,75.6,53.2,64.8,33.0,39.7,36.2,93.9,94.5,94.2,95.4,95.0,95.2,"2,290,720","2,128,363","4,419,084",51.8%,48.2%,100.0%,SK,Slovakia,Yes,No,Yes,Yes,Catholic,Central,2015
UK,71.5,76.6,83.6,70.2,81.2,77.0,85.6,71.8,82.2,62.7,69.9,75.1,65.1,53.0,53.0,40.8,68.8,93.1,93.7,88.5,97.5,,43.4,60.5,51.4,35.9,41.2,38.6,38.1,11.3,23.8,29.7,36.5,33.4,67.1,69.2,68.1,"2,242","2,942","2,594","21,240","22,033","21,627",83.6,84.4,84.0,19.4,17.8,18.6,38.1,35.5,36.8,21.0,18.8,19.9,46.6,25.6,37.4,41.1,25.3,33.4,84.6,49.0,67.2,33.4,35.8,34.7,13.5,11.4,12.4,24.3,75.7,100.0,25.6,74.4,100.0,32.0,68.0,100.0,25.8,74.2,100.0,16.0,84.0,100.0,39.4,60.6,100.0,45.7,54.3,100.0,20.9,79.1,100.0,69.7,69.8,69.8,82.8,79.2,81.0,63.3,63.7,63.5,73.6,58.5,66.6,55.0,55.4,55.2,94.5,95.5,95.0,95.1,95.1,95.1,"26,229,753","24,914,996","51,144,749",51.3%,48.7%,100.0%,UK,United Kingdom,No,No,No,No,Protestant,Western,2015
